{
  "lat": 42.1571,
  "lon": -71.1586,
  "timezone": "America/New_York",
  "timezone_offset": -18000,
  "data": [
    {
      "dt": 1516135500,
      "sunrise": 1516104602,
      "sunset": 1516138703,
      "temp": 276,
      "feels_like": 273.41,
      "pressure": 1031,
      "humidity": 56,
      "dew_point": 268.67,
      "clouds": 100,
      "visibility": 10000,
      "wind_speed": 2.6,
      "wind_deg": 170,
      "weather": [
        {
          "id": 804,
          "main": "Clouds",
          "description": "overcast clouds",
          "icon": "04d"
        }
      ]
    }
  ]
}