{
  "lat": 42.1571,
  "lon": -71.1586,
  "timezone": "America/New_York",
  "timezone_offset": -14400,
  "data": [
    {
      "dt": 1520971200,
      "sunrise": 1520938803,
      "sunset": 1520981298,
      "temp": 272.16,
      "feels_like": 265.87,
      "pressure": 998,
      "humidity": 93,
      "dew_point": 271.29,
      "clouds": 100,
      "visibility": 402,
      "wind_speed": 7.2,
      "wind_deg": 320,
      "wind_gust": 11.83,
      "weather": [
        {
          "id": 741,
          "main": "Fog",
          "description": "fog",
          "icon": "50d"
        }
      ]
    }
  ]
}