{
  "lat": 42.1571,
  "lon": -71.1586,
  "timezone": "America/New_York",
  "timezone_offset": -14400,
  "data": [
    {
      "dt": 1526050800,
      "sunrise": 1526030879,
      "sunset": 1526082846,
      "temp": 292.05,
      "feels_like": 290.96,
      "pressure": 1014,
      "humidity": 37,
      "dew_point": 277.06,
      "clouds": 0,
      "visibility": 10000,
      "wind_speed": 6.7,
      "wind_deg": 310,
      "wind_gust": 10.8,
      "weather": [
        {
          "id": 800,
          "main": "Clear",
          "description": "clear sky",
          "icon": "01d"
        }
      ]
    }
  ]
}