{
  "lat": 42.1571,
  "lon": -71.1586,
  "timezone": "America/New_York",
  "timezone_offset": -14400,
  "data": [
    {
      "dt": 1527024600,
      "sunrise": 1526980654,
      "sunset": 1527033921,
      "temp": 291,
      "feels_like": 290.64,
      "pressure": 1018,
      "humidity": 69,
      "dew_point": 285.24,
      "clouds": 100,
      "visibility": 10000,
      "wind_speed": 5.7,
      "wind_deg": 190,
      "weather": [
        {
          "id": 501,
          "main": "Rain",
          "description": "moderate rain",
          "icon": "10d"
        }
      ],
      "rain": {
        "1h": 2
      }
    }
  ]
}