{
  "lat": 42.1571,
  "lon": -71.1586,
  "timezone": "America/New_York",
  "timezone_offset": -14400,
  "data": [
    {
      "dt": 1522165500,
      "sunrise": 1522146944,
      "sunset": 1522191841,
      "temp": 280.04,
      "feels_like": 277.27,
      "pressure": 1034,
      "humidity": 33,
      "dew_point": 265.81,
      "clouds": 0,
      "visibility": 10000,
      "wind_speed": 4.12,
      "wind_deg": 50,
      "weather": [
        {
          "id": 800,
          "main": "Clear",
          "description": "clear sky",
          "icon": "01d"
        }
      ]
    }
  ]
}