{
  "lat": 42.1571,
  "lon": -71.1586,
  "timezone": "America/New_York",
  "timezone_offset": -14400,
  "data": [
    {
      "dt": 1538688600,
      "sunrise": 1538649884,
      "sunset": 1538691703,
      "temp": 293.81,
      "feels_like": 293.99,
      "pressure": 1013,
      "humidity": 79,
      "dew_point": 290.04,
      "clouds": 75,
      "visibility": 10000,
      "wind_speed": 3.1,
      "wind_deg": 200,
      "weather": [
        {
          "id": 500,
          "main": "Rain",
          "description": "light rain",
          "icon": "10d"
        }
      ],
      "rain": {
        "1h": 0.45
      }
    }
  ]
}