{
  "lat": 42.1571,
  "lon": -71.1586,
  "timezone": "America/New_York",
  "timezone_offset": -18000,
  "data": [
    {
      "dt": 1516033800,
      "sunrise": 1516018230,
      "sunset": 1516052233,
      "temp": 265.2,
      "feels_like": 258.57,
      "pressure": 1038,
      "humidity": 66,
      "dew_point": 260.53,
      "clouds": 100,
      "visibility": 10000,
      "wind_speed": 4.63,
      "wind_deg": 350,
      "weather": [
        {
          "id": 804,
          "main": "Clouds",
          "description": "overcast clouds",
          "icon": "04d"
        }
      ]
    }
  ]
}