{
  "lat": 42.1571,
  "lon": -71.1586,
  "timezone": "America/New_York",
  "timezone_offset": -14400,
  "data": [
    {
      "dt": 1527010200,
      "sunrise": 1526980654,
      "sunset": 1527033921,
      "temp": 293.09,
      "feels_like": 293.15,
      "pressure": 1020,
      "humidity": 77,
      "dew_point": 288.94,
      "clouds": 100,
      "visibility": 10000,
      "wind_speed": 3.6,
      "wind_deg": 140,
      "weather": [
        {
          "id": 500,
          "main": "Rain",
          "description": "light rain",
          "icon": "10d"
        }
      ],
      "rain": {
        "1h": 0.25
      }
    }
  ]
}