{
  "lat": 42.1571,
  "lon": -71.1586,
  "timezone": "America/New_York",
  "timezone_offset": -18000,
  "data": [
    {
      "dt": 1542571200,
      "sunrise": 1542541125,
      "sunset": 1542576070,
      "temp": 278.67,
      "feels_like": 276.21,
      "pressure": 1027,
      "humidity": 50,
      "dew_point": 269.55,
      "clouds": 100,
      "visibility": 10000,
      "wind_speed": 3.1,
      "wind_deg": 220,
      "weather": [
        {
          "id": 804,
          "main": "Clouds",
          "description": "overcast clouds",
          "icon": "04d"
        }
      ]
    }
  ]
}