{
  "lat": 42.1571,
  "lon": -71.1586,
  "timezone": "America/New_York",
  "timezone_offset": -14400,
  "data": [
    {
      "dt": 1541021400,
      "sunrise": 1540984575,
      "sunset": 1541022006,
      "temp": 286,
      "feels_like": 285.09,
      "pressure": 1013,
      "humidity": 67,
      "dew_point": 280.03,
      "clouds": 0,
      "visibility": 10000,
      "wind_speed": 8.8,
      "wind_deg": 180,
      "wind_gust": 13.9,
      "weather": [
        {
          "id": 800,
          "main": "Clear",
          "description": "clear sky",
          "icon": "01d"
        }
      ]
    }
  ]
}