{
  "lat": 42.1571,
  "lon": -71.1586,
  "timezone": "America/New_York",
  "timezone_offset": -18000,
  "data": [
    {
      "dt": 1541873700,
      "sunrise": 1541849327,
      "sunset": 1541885306,
      "temp": 282.04,
      "feels_like": 278.05,
      "pressure": 1008,
      "humidity": 50,
      "dew_point": 272.3,
      "clouds": 75,
      "visibility": 10000,
      "wind_speed": 9.3,
      "wind_deg": 280,
      "wind_gust": 14.4,
      "weather": [
        {
          "id": 803,
          "main": "Clouds",
          "description": "broken clouds",
          "icon": "04d"
        }
      ]
    }
  ]
}