{
  "lat": 42.1571,
  "lon": -71.1586,
  "timezone": "America/New_York",
  "timezone_offset": -18000,
  "data": [
    {
      "dt": 1518475500,
      "sunrise": 1518435899,
      "sunset": 1518473576,
      "temp": 276.01,
      "feels_like": 271.47,
      "pressure": 1030,
      "humidity": 41,
      "dew_point": 265.07,
      "clouds": 0,
      "visibility": 10000,
      "wind_speed": 5.7,
      "wind_deg": 310,
      "wind_gust": 9.3,
      "weather": [
        {
          "id": 800,
          "main": "Clear",
          "description": "clear sky",
          "icon": "01n"
        }
      ]
    }
  ]
}