{
  "lat": 42.1571,
  "lon": -71.1586,
  "timezone": "America/New_York",
  "timezone_offset": -18000,
  "data": [
    {
      "dt": 1542643200,
      "sunrise": 1542627599,
      "sunset": 1542662425,
      "temp": 277.06,
      "feels_like": 274.7,
      "pressure": 1020,
      "humidity": 87,
      "dew_point": 275.1,
      "clouds": 100,
      "visibility": 6437,
      "wind_speed": 2.57,
      "wind_deg": 320,
      "weather": [
        {
          "id": 701,
          "main": "Mist",
          "description": "mist",
          "icon": "50d"
        }
      ]
    }
  ]
}