{
  "lat": 42.1571,
  "lon": -71.1586,
  "timezone": "America/New_York",
  "timezone_offset": -14400,
  "data": [
    {
      "dt": 1521746100,
      "sunrise": 1521715466,
      "sunset": 1521759508,
      "temp": 278.71,
      "feels_like": 277.68,
      "pressure": 1006,
      "humidity": 81,
      "dew_point": 275.71,
      "clouds": 100,
      "visibility": 10000,
      "wind_speed": 1.54,
      "wind_deg": 10,
      "weather": [
        {
          "id": 804,
          "main": "Clouds",
          "description": "overcast clouds",
          "icon": "04d"
        }
      ]
    }
  ]
}