{
  "lat": 42.1571,
  "lon": -71.1586,
  "timezone": "America/New_York",
  "timezone_offset": -18000,
  "data": [
    {
      "dt": 1516054500,
      "sunrise": 1516018230,
      "sunset": 1516052233,
      "temp": 266.25,
      "feels_like": 259.25,
      "pressure": 1036,
      "humidity": 49,
      "dew_point": 258.27,
      "clouds": 100,
      "visibility": 10000,
      "wind_speed": 5.7,
      "wind_deg": 350,
      "wind_gust": 8.2,
      "weather": [
        {
          "id": 804,
          "main": "Clouds",
          "description": "overcast clouds",
          "icon": "04n"
        }
      ]
    }
  ]
}