{
  "lat": 42.1571,
  "lon": -71.1586,
  "timezone": "America/New_York",
  "timezone_offset": -18000,
  "data": [
    {
      "dt": 1545151500,
      "sunrise": 1545134894,
      "sunset": 1545167661,
      "temp": 272,
      "feels_like": 265,
      "pressure": 1010,
      "humidity": 48,
      "dew_point": 263.44,
      "clouds": 0,
      "visibility": 10000,
      "wind_speed": 12.9,
      "wind_deg": 320,
      "wind_gust": 19.6,
      "weather": [
        {
          "id": 800,
          "main": "Clear",
          "description": "clear sky",
          "icon": "01d"
        }
      ]
    }
  ]
}