{
  "lat": 42.1571,
  "lon": -71.1586,
  "timezone": "America/New_York",
  "timezone_offset": -18000,
  "data": [
    {
      "dt": 1544720400,
      "sunrise": 1544702689,
      "sunset": 1544735584,
      "temp": 273.1,
      "feels_like": 271.28,
      "pressure": 1034,
      "humidity": 54,
      "dew_point": 265.82,
      "clouds": 0,
      "visibility": 10000,
      "wind_speed": 1.54,
      "wind_deg": 30,
      "weather": [
        {
          "id": 800,
          "main": "Clear",
          "description": "clear sky",
          "icon": "01d"
        }
      ]
    }
  ]
}