{
  "lat": 42.1571,
  "lon": -71.1586,
  "timezone": "America/New_York",
  "timezone_offset": -18000,
  "data": [
    {
      "dt": 1517760000,
      "sunrise": 1517745277,
      "sunset": 1517781750,
      "temp": 277.3,
      "feels_like": 272.5,
      "pressure": 1024,
      "humidity": 69,
      "dew_point": 272.25,
      "clouds": 40,
      "visibility": 10000,
      "wind_speed": 7.2,
      "wind_deg": 170,
      "wind_gust": 10.8,
      "weather": [
        {
          "id": 802,
          "main": "Clouds",
          "description": "scattered clouds",
          "icon": "03d"
        }
      ]
    }
  ]
}