{
  "lat": 42.1571,
  "lon": -71.1586,
  "timezone": "America/New_York",
  "timezone_offset": -14400,
  "data": [
    {
      "dt": 1535556600,
      "sunrise": 1535537225,
      "sunset": 1535585068,
      "temp": 308.1,
      "feels_like": 314.91,
      "pressure": 1014,
      "humidity": 53,
      "dew_point": 297.09,
      "clouds": 0,
      "visibility": 10000,
      "wind_speed": 5.14,
      "wind_deg": 210,
      "weather": [
        {
          "id": 800,
          "main": "Clear",
          "description": "clear sky",
          "icon": "01d"
        }
      ]
    }
  ]
}