{
  "lat": 42.1571,
  "lon": -71.1586,
  "timezone": "America/New_York",
  "timezone_offset": -14400,
  "data": [
    {
      "dt": 1536002100,
      "sunrise": 1535969538,
      "sunset": 1536016566,
      "temp": 308.09,
      "feels_like": 313.68,
      "pressure": 1020,
      "humidity": 50,
      "dew_point": 296.12,
      "clouds": 20,
      "visibility": 10000,
      "wind_speed": 5.14,
      "wind_deg": 230,
      "wind_gust": 8.23,
      "weather": [
        {
          "id": 801,
          "main": "Clouds",
          "description": "few clouds",
          "icon": "02d"
        }
      ]
    }
  ]
}