{
  "lat": 42.1571,
  "lon": -71.1586,
  "timezone": "America/New_York",
  "timezone_offset": -18000,
  "data": [
    {
      "dt": 1545672600,
      "sunrise": 1545653474,
      "sunset": 1545686227,
      "temp": 275.04,
      "feels_like": 272.27,
      "pressure": 1015,
      "humidity": 76,
      "dew_point": 271.48,
      "clouds": 100,
      "visibility": 3218,
      "wind_speed": 2.6,
      "wind_deg": 230,
      "weather": [
        {
          "id": 600,
          "main": "Snow",
          "description": "light snow",
          "icon": "13d"
        }
      ]
    }
  ]
}