{
  "lat": 42.1571,
  "lon": -71.1586,
  "timezone": "America/New_York",
  "timezone_offset": -14400,
  "data": [
    {
      "dt": 1535056200,
      "sunrise": 1535018447,
      "sunset": 1535067248,
      "temp": 298.46,
      "feels_like": 298.01,
      "pressure": 1012,
      "humidity": 37,
      "dew_point": 282.74,
      "clouds": 20,
      "visibility": 10000,
      "wind_speed": 4.63,
      "wind_deg": 330,
      "weather": [
        {
          "id": 801,
          "main": "Clouds",
          "description": "few clouds",
          "icon": "02d"
        }
      ]
    }
  ]
}