{
  "lat": 42.1571,
  "lon": -71.1586,
  "timezone": "America/New_York",
  "timezone_offset": -14400,
  "data": [
    {
      "dt": 1523817000,
      "sunrise": 1523786623,
      "sunset": 1523834708,
      "temp": 275.2,
      "feels_like": 269.21,
      "pressure": 1032,
      "humidity": 81,
      "dew_point": 272.39,
      "clouds": 100,
      "visibility": 804,
      "wind_speed": 8.8,
      "wind_deg": 70,
      "wind_gust": 12.9,
      "weather": [
        {
          "id": 721,
          "main": "Haze",
          "description": "haze",
          "icon": "50d"
        }
      ]
    }
  ]
}