{
  "lat": 42.1571,
  "lon": -71.1586,
  "timezone": "America/New_York",
  "timezone_offset": -14400,
  "data": [
    {
      "dt": 1539619200,
      "sunrise": 1539601023,
      "sunset": 1539641004,
      "temp": 286.45,
      "feels_like": 286.11,
      "pressure": 1019,
      "humidity": 87,
      "dew_point": 284.33,
      "clouds": 100,
      "visibility": 10000,
      "wind_speed": 2.1,
      "wind_deg": 140,
      "weather": [
        {
          "id": 500,
          "main": "Rain",
          "description": "light rain",
          "icon": "10d"
        }
      ],
      "rain": {
        "1h": 0.16
      }
    }
  ]
}