{
  "lat": 42.1571,
  "lon": -71.1586,
  "timezone": "America/New_York",
  "timezone_offset": -14400,
  "data": [
    {
      "dt": 1526743800,
      "sunrise": 1526721604,
      "sunset": 1526774545,
      "temp": 288.1,
      "feels_like": 287.32,
      "pressure": 1028,
      "humidity": 64,
      "dew_point": 281.36,
      "clouds": 100,
      "visibility": 10000,
      "wind_speed": 3.6,
      "wind_deg": 20,
      "weather": [
        {
          "id": 500,
          "main": "Rain",
          "description": "light rain",
          "icon": "10d"
        }
      ],
      "rain": {
        "1h": 0.22
      }
    }
  ]
}