{
  "lat": 42.1571,
  "lon": -71.1586,
  "timezone": "America/New_York",
  "timezone_offset": -18000,
  "data": [
    {
      "dt": 1519335000,
      "sunrise": 1519299056,
      "sunset": 1519338339,
      "temp": 274.22,
      "feels_like": 271.3,
      "pressure": 1039,
      "humidity": 87,
      "dew_point": 272.4,
      "clouds": 100,
      "visibility": 1609,
      "wind_speed": 2.6,
      "wind_deg": 50,
      "weather": [
        {
          "id": 701,
          "main": "Mist",
          "description": "mist",
          "icon": "50d"
        },
        {
          "id": 500,
          "main": "Rain",
          "description": "light rain",
          "icon": "10d"
        },
        {
          "id": 600,
          "main": "Snow",
          "description": "light snow",
          "icon": "13d"
        }
      ],
      "rain": {
        "1h": 0.2
      }
    }
  ]
}