{
  "lat": 42.1571,
  "lon": -71.1586,
  "timezone": "America/New_York",
  "timezone_offset": -14400,
  "data": [
    {
      "dt": 1540933200,
      "sunrise": 1540898100,
      "sunset": 1540935684,
      "temp": 281.25,
      "feels_like": 277.43,
      "pressure": 1016,
      "humidity": 52,
      "dew_point": 272.13,
      "clouds": 75,
      "visibility": 10000,
      "wind_speed": 7.72,
      "wind_deg": 310,
      "wind_gust": 11.32,
      "weather": [
        {
          "id": 803,
          "main": "Clouds",
          "description": "broken clouds",
          "icon": "04d"
        }
      ]
    }
  ]
}