{
  "lat": 42.1571,
  "lon": -71.1586,
  "timezone": "America/New_York",
  "timezone_offset": -14400,
  "data": [
    {
      "dt": 1524078900,
      "sunrise": 1524045539,
      "sunset": 1524094110,
      "temp": 284.96,
      "feels_like": 283.27,
      "pressure": 1005,
      "humidity": 41,
      "dew_point": 272.26,
      "clouds": 40,
      "visibility": 10000,
      "wind_speed": 7.2,
      "wind_deg": 270,
      "wind_gust": 10.29,
      "weather": [
        {
          "id": 802,
          "main": "Clouds",
          "description": "scattered clouds",
          "icon": "03d"
        }
      ]
    }
  ]
}