{
  "lat": 42.1571,
  "lon": -71.1586,
  "timezone": "America/New_York",
  "timezone_offset": -18000,
  "data": [
    {
      "dt": 1543783500,
      "sunrise": 1543751690,
      "sunset": 1543785223,
      "temp": 284.96,
      "feels_like": 284.62,
      "pressure": 1003,
      "humidity": 93,
      "dew_point": 283.87,
      "clouds": 100,
      "visibility": 1207,
      "wind_speed": 5.14,
      "wind_deg": 220,
      "weather": [
        {
          "id": 701,
          "main": "Mist",
          "description": "mist",
          "icon": "50d"
        },
        {
          "id": 500,
          "main": "Rain",
          "description": "light rain",
          "icon": "10d"
        }
      ],
      "rain": {
        "1h": 0.2,
        "3h": 1.8
      }
    }
  ]
}