{
  "lat": 42.1571,
  "lon": -71.1586,
  "timezone": "America/New_York",
  "timezone_offset": -18000,
  "data": [
    {
      "dt": 1518717600,
      "sunrise": 1518694859,
      "sunset": 1518733008,
      "temp": 282.05,
      "feels_like": 279.74,
      "pressure": 1009,
      "humidity": 89,
      "dew_point": 280.34,
      "clouds": 100,
      "visibility": 6437,
      "wind_speed": 4.12,
      "wind_deg": 210,
      "weather": [
        {
          "id": 701,
          "main": "Mist",
          "description": "mist",
          "icon": "50d"
        }
      ]
    }
  ]
}