{
  "lat": 42.1571,
  "lon": -71.1586,
  "timezone": "America/New_York",
  "timezone_offset": -14400,
  "data": [
    {
      "dt": 1532035800,
      "sunrise": 1531992305,
      "sunset": 1532045783,
      "temp": 301,
      "feels_like": 300.23,
      "pressure": 1017,
      "humidity": 32,
      "dew_point": 282.8,
      "clouds": 0,
      "visibility": 10000,
      "wind_speed": 2.6,
      "wind_deg": 220,
      "weather": [
        {
          "id": 800,
          "main": "Clear",
          "description": "clear sky",
          "icon": "01d"
        }
      ]
    }
  ]
}