{
  "lat": 42.1571,
  "lon": -71.1586,
  "timezone": "America/New_York",
  "timezone_offset": -14400,
  "data": [
    {
      "dt": 1533484800,
      "sunrise": 1533462105,
      "sunset": 1533513568,
      "temp": 304.15,
      "feels_like": 306.82,
      "pressure": 1019,
      "humidity": 55,
      "dew_point": 294.05,
      "clouds": 0,
      "visibility": 10000,
      "wind_speed": 2.6,
      "wind_deg": 300,
      "weather": [
        {
          "id": 800,
          "main": "Clear",
          "description": "clear sky",
          "icon": "01d"
        }
      ]
    }
  ]
}