{
  "lat": 42.1571,
  "lon": -71.1586,
  "timezone": "America/New_York",
  "timezone_offset": -14400,
  "data": [
    {
      "dt": 1532012400,
      "sunrise": 1531992305,
      "sunset": 1532045783,
      "temp": 298.1,
      "feels_like": 297.62,
      "pressure": 1019,
      "humidity": 37,
      "dew_point": 282.42,
      "clouds": 0,
      "visibility": 10000,
      "wind_speed": 3.1,
      "wind_deg": 0,
      "weather": [
        {
          "id": 800,
          "main": "Clear",
          "description": "clear sky",
          "icon": "01d"
        }
      ]
    }
  ]
}