{
  "lat": 42.1571,
  "lon": -71.1586,
  "timezone": "America/New_York",
  "timezone_offset": -14400,
  "data": [
    {
      "dt": 1523564100,
      "sunrise": 1523527714,
      "sunset": 1523575307,
      "temp": 288.9,
      "feels_like": 287.5,
      "pressure": 1014,
      "humidity": 37,
      "dew_point": 274.26,
      "clouds": 100,
      "visibility": 10000,
      "wind_speed": 6.7,
      "wind_deg": 180,
      "wind_gust": 10.3,
      "weather": [
        {
          "id": 804,
          "main": "Clouds",
          "description": "overcast clouds",
          "icon": "04d"
        }
      ]
    }
  ]
}