{
  "lat": 42.1571,
  "lon": -71.1586,
  "timezone": "America/New_York",
  "timezone_offset": -14400,
  "data": [
    {
      "dt": 1537896600,
      "sunrise": 1537871707,
      "sunset": 1537915047,
      "temp": 289.57,
      "feels_like": 289.62,
      "pressure": 1028,
      "humidity": 90,
      "dew_point": 287.93,
      "clouds": 100,
      "visibility": 9656,
      "wind_speed": 4.1,
      "wind_deg": 100,
      "wind_gust": 7.2,
      "weather": [
        {
          "id": 500,
          "main": "Rain",
          "description": "light rain",
          "icon": "10d"
        },
        {
          "id": 701,
          "main": "Mist",
          "description": "mist",
          "icon": "50d"
        }
      ],
      "rain": {
        "1h": 0.8
      }
    }
  ]
}