{
  "lat": 42.1571,
  "lon": -71.1586,
  "timezone": "America/New_York",
  "timezone_offset": -14400,
  "data": [
    {
      "dt": 1534615200,
      "sunrise": 1534586129,
      "sunset": 1534635707,
      "temp": 304.14,
      "feels_like": 308.74,
      "pressure": 1008,
      "humidity": 63,
      "dew_point": 296.27,
      "clouds": 40,
      "visibility": 10000,
      "wind_speed": 3.1,
      "wind_deg": 0,
      "weather": [
        {
          "id": 500,
          "main": "Rain",
          "description": "light rain",
          "icon": "10d"
        }
      ],
      "rain": {
        "1h": 0.27
      }
    }
  ]
}