{
  "lat": 42.1571,
  "lon": -71.1586,
  "timezone": "America/New_York",
  "timezone_offset": -14400,
  "data": [
    {
      "dt": 1535481000,
      "sunrise": 1535450762,
      "sunset": 1535498767,
      "temp": 308.9,
      "feels_like": 313.99,
      "pressure": 1014,
      "humidity": 46,
      "dew_point": 295.48,
      "clouds": 20,
      "visibility": 10000,
      "wind_speed": 6.2,
      "wind_deg": 230,
      "wind_gust": 9.8,
      "weather": [
        {
          "id": 801,
          "main": "Clouds",
          "description": "few clouds",
          "icon": "02d"
        }
      ]
    }
  ]
}