{
  "lat": 42.1571,
  "lon": -71.1586,
  "timezone": "America/New_York",
  "timezone_offset": -14400,
  "data": [
    {
      "dt": 1525791600,
      "sunrise": 1525771883,
      "sunset": 1525823451,
      "temp": 293.9,
      "feels_like": 293.02,
      "pressure": 1025,
      "humidity": 38,
      "dew_point": 279.08,
      "clouds": 0,
      "visibility": 10000,
      "wind_speed": 3.1,
      "wind_deg": 130,
      "weather": [
        {
          "id": 800,
          "main": "Clear",
          "description": "clear sky",
          "icon": "01d"
        }
      ]
    }
  ]
}