{
  "lat": 42.1571,
  "lon": -71.1586,
  "timezone": "America/New_York",
  "timezone_offset": -14400,
  "data": [
    {
      "dt": 1539972000,
      "sunrise": 1539946902,
      "sunset": 1539986228,
      "temp": 289.15,
      "feels_like": 287.75,
      "pressure": 1018,
      "humidity": 36,
      "dew_point": 274.1,
      "clouds": 0,
      "visibility": 10000,
      "wind_speed": 6.7,
      "wind_deg": 220,
      "wind_gust": 10.8,
      "weather": [
        {
          "id": 800,
          "main": "Clear",
          "description": "clear sky",
          "icon": "01d"
        }
      ]
    }
  ]
}