{
  "lat": 42.1571,
  "lon": -71.1586,
  "timezone": "America/New_York",
  "timezone_offset": -18000,
  "data": [
    {
      "dt": 1515274200,
      "sunrise": 1515240785,
      "sunset": 1515274052,
      "temp": 261,
      "feels_like": 254,
      "pressure": 1018,
      "humidity": 39,
      "dew_point": 250.97,
      "clouds": 0,
      "visibility": 10000,
      "wind_speed": 6.7,
      "wind_deg": 270,
      "wind_gust": 12.9,
      "weather": [
        {
          "id": 800,
          "main": "Clear",
          "description": "clear sky",
          "icon": "01n"
        }
      ]
    }
  ]
}