{
  "lat": 42.1571,
  "lon": -71.1586,
  "timezone": "America/New_York",
  "timezone_offset": -14400,
  "data": [
    {
      "dt": 1525467600,
      "sunrise": 1525426576,
      "sunset": 1525477587,
      "temp": 301.25,
      "feels_like": 301.71,
      "pressure": 1007,
      "humidity": 50,
      "dew_point": 289.86,
      "clouds": 0,
      "visibility": 10000,
      "wind_speed": 10.8,
      "wind_deg": 200,
      "wind_gust": 14.4,
      "weather": [
        {
          "id": 800,
          "main": "Clear",
          "description": "clear sky",
          "icon": "01d"
        }
      ]
    }
  ]
}