{
  "lat": 42.1571,
  "lon": -71.1586,
  "timezone": "America/New_York",
  "timezone_offset": -14400,
  "data": [
    {
      "dt": 1530728100,
      "sunrise": 1530695630,
      "sunset": 1530750235,
      "temp": 306.25,
      "feels_like": 306.88,
      "pressure": 1026,
      "humidity": 39,
      "dew_point": 290.44,
      "clouds": 0,
      "visibility": 10000,
      "wind_speed": 2.6,
      "wind_deg": 130,
      "weather": [
        {
          "id": 800,
          "main": "Clear",
          "description": "clear sky",
          "icon": "01d"
        }
      ]
    }
  ]
}