{
  "lat": 42.1571,
  "lon": -71.1586,
  "timezone": "America/New_York",
  "timezone_offset": -18000,
  "data": [
    {
      "dt": 1515962700,
      "sunrise": 1515931856,
      "sunset": 1515965763,
      "temp": 268.9,
      "feels_like": 263.55,
      "pressure": 1036,
      "humidity": 39,
      "dew_point": 258.26,
      "clouds": 0,
      "visibility": 10000,
      "wind_speed": 4.12,
      "wind_deg": 320,
      "weather": [
        {
          "id": 800,
          "main": "Clear",
          "description": "clear sky",
          "icon": "01d"
        }
      ]
    }
  ]
}