{
  "lat": 42.1571,
  "lon": -71.1586,
  "timezone": "America/New_York",
  "timezone_offset": -14400,
  "data": [
    {
      "dt": 1540845900,
      "sunrise": 1540811626,
      "sunset": 1540849364,
      "temp": 286.09,
      "feels_like": 285.19,
      "pressure": 1007,
      "humidity": 67,
      "dew_point": 280.12,
      "clouds": 100,
      "visibility": 10000,
      "wind_speed": 5.7,
      "wind_deg": 290,
      "weather": [
        {
          "id": 500,
          "main": "Rain",
          "description": "light rain",
          "icon": "10d"
        }
      ],
      "rain": {
        "1h": 0.2
      }
    }
  ]
}