{
  "lat": 42.1571,
  "lon": -71.1586,
  "timezone": "America/New_York",
  "timezone_offset": -14400,
  "data": [
    {
      "dt": 1527803100,
      "sunrise": 1527757904,
      "sunset": 1527811996,
      "temp": 297.29,
      "feels_like": 297.3,
      "pressure": 1015,
      "humidity": 59,
      "dew_point": 288.78,
      "clouds": 0,
      "visibility": 10000,
      "wind_speed": 7.2,
      "wind_deg": 170,
      "wind_gust": 11.3,
      "weather": [
        {
          "id": 800,
          "main": "Clear",
          "description": "clear sky",
          "icon": "01d"
        }
      ]
    }
  ]
}