{
  "lat": 42.1571,
  "lon": -71.1586,
  "timezone": "America/New_York",
  "timezone_offset": -14400,
  "data": [
    {
      "dt": 1540927800,
      "sunrise": 1540898100,
      "sunset": 1540935684,
      "temp": 282.05,
      "feels_like": 278.06,
      "pressure": 1016,
      "humidity": 50,
      "dew_point": 272.31,
      "clouds": 100,
      "visibility": 10000,
      "wind_speed": 9.3,
      "wind_deg": 310,
      "wind_gust": 12.4,
      "weather": [
        {
          "id": 804,
          "main": "Clouds",
          "description": "overcast clouds",
          "icon": "04d"
        }
      ]
    }
  ]
}