{
  "lat": 42.1571,
  "lon": -71.1586,
  "timezone": "America/New_York",
  "timezone_offset": -18000,
  "data": [
    {
      "dt": 1515614400,
      "sunrise": 1515586339,
      "sunset": 1515619897,
      "temp": 276.25,
      "feels_like": 271.34,
      "pressure": 1030,
      "humidity": 44,
      "dew_point": 266.07,
      "clouds": 0,
      "visibility": 10000,
      "wind_speed": 6.7,
      "wind_deg": 210,
      "weather": [
        {
          "id": 800,
          "main": "Clear",
          "description": "clear sky",
          "icon": "01d"
        }
      ]
    }
  ]
}