{
  "lat": 42.1571,
  "lon": -71.1586,
  "timezone": "America/New_York",
  "timezone_offset": -18000,
  "data": [
    {
      "dt": 1543606200,
      "sunrise": 1543578763,
      "sunset": 1543612460,
      "temp": 277.72,
      "feels_like": 277.72,
      "pressure": 1015,
      "humidity": 64,
      "dew_point": 271.7,
      "clouds": 100,
      "wind_speed": 0,
      "wind_deg": 0,
      "weather": [
        {
          "id": 804,
          "main": "Clouds",
          "description": "overcast clouds",
          "icon": "04d"
        }
      ]
    }
  ]
}