{
  "lat": 42.1571,
  "lon": -71.1586,
  "timezone": "America/New_York",
  "timezone_offset": -18000,
  "data": [
    {
      "dt": 1546196400,
      "sunrise": 1546171974,
      "sunset": 1546204870,
      "temp": 274.86,
      "feels_like": 273.29,
      "pressure": 1021,
      "humidity": 40,
      "dew_point": 263.85,
      "clouds": 0,
      "visibility": 10000,
      "wind_speed": 1.54,
      "wind_deg": 0,
      "weather": [
        {
          "id": 800,
          "main": "Clear",
          "description": "clear sky",
          "icon": "01d"
        }
      ]
    }
  ]
}