{
  "lat": 42.1571,
  "lon": -71.1586,
  "timezone": "America/New_York",
  "timezone_offset": -18000,
  "data": [
    {
      "dt": 1541624400,
      "sunrise": 1541589901,
      "sunset": 1541626299,
      "temp": 290.2,
      "feels_like": 288.9,
      "pressure": 1012,
      "humidity": 36,
      "dew_point": 275.03,
      "clouds": 0,
      "visibility": 10000,
      "wind_speed": 7.2,
      "wind_deg": 250,
      "wind_gust": 11.8,
      "weather": [
        {
          "id": 800,
          "main": "Clear",
          "description": "clear sky",
          "icon": "01d"
        }
      ]
    }
  ]
}