{
  "lat": 42.1571,
  "lon": -71.1586,
  "timezone": "America/New_York",
  "timezone_offset": -14400,
  "data": [
    {
      "dt": 1524930300,
      "sunrise": 1524908653,
      "sunset": 1524958785,
      "temp": 293.1,
      "feels_like": 292.53,
      "pressure": 1010,
      "humidity": 53,
      "dew_point": 283.24,
      "clouds": 20,
      "visibility": 10000,
      "wind_speed": 3.1,
      "wind_deg": 0,
      "weather": [
        {
          "id": 801,
          "main": "Clouds",
          "description": "few clouds",
          "icon": "02d"
        }
      ]
    }
  ]
}