{
  "lat": 42.1571,
  "lon": -71.1586,
  "timezone": "America/New_York",
  "timezone_offset": -14400,
  "data": [
    {
      "dt": 1540327500,
      "sunrise": 1540292788,
      "sunset": 1540331469,
      "temp": 285.1,
      "feels_like": 284.81,
      "pressure": 1013,
      "humidity": 94,
      "dew_point": 284.17,
      "clouds": 100,
      "visibility": 10000,
      "wind_speed": 4.12,
      "wind_deg": 80,
      "weather": [
        {
          "id": 211,
          "main": "Thunderstorm",
          "description": "thunderstorm",
          "icon": "11d"
        },
        {
          "id": 502,
          "main": "Rain",
          "description": "heavy intensity rain",
          "icon": "10d"
        }
      ],
      "rain": {
        "1h": 5.65,
        "3h": 10.7
      }
    }
  ]
}