{
  "lat": 42.1571,
  "lon": -71.1586,
  "timezone": "America/New_York",
  "timezone_offset": -14400,
  "data": [
    {
      "dt": 1531944000,
      "sunrise": 1531905852,
      "sunset": 1531959427,
      "temp": 302.05,
      "feels_like": 301.66,
      "pressure": 1011,
      "humidity": 40,
      "dew_point": 287.11,
      "clouds": 0,
      "visibility": 10000,
      "wind_speed": 3.1,
      "wind_deg": 0,
      "weather": [
        {
          "id": 800,
          "main": "Clear",
          "description": "clear sky",
          "icon": "01d"
        }
      ]
    }
  ]
}