{
  "lat": 42.1571,
  "lon": -71.1586,
  "timezone": "America/New_York",
  "timezone_offset": -18000,
  "data": [
    {
      "dt": 1519079400,
      "sunrise": 1519040121,
      "sunset": 1519078914,
      "temp": 282.05,
      "feels_like": 278.33,
      "pressure": 1028,
      "humidity": 80,
      "dew_point": 278.79,
      "clouds": 100,
      "visibility": 10000,
      "wind_speed": 8.23,
      "wind_deg": 180,
      "weather": [
        {
          "id": 804,
          "main": "Clouds",
          "description": "overcast clouds",
          "icon": "04n"
        }
      ]
    }
  ]
}