{
  "lat": 42.1571,
  "lon": -71.1586,
  "timezone": "America/New_York",
  "timezone_offset": -14400,
  "data": [
    {
      "dt": 1537292700,
      "sunrise": 1537266469,
      "sunset": 1537310992,
      "temp": 295.1,
      "feels_like": 295.81,
      "pressure": 1006,
      "humidity": 94,
      "dew_point": 294.09,
      "clouds": 100,
      "visibility": 804,
      "wind_speed": 4.63,
      "wind_deg": 40,
      "weather": [
        {
          "id": 502,
          "main": "Rain",
          "description": "heavy intensity rain",
          "icon": "10d"
        },
        {
          "id": 701,
          "main": "Mist",
          "description": "mist",
          "icon": "50d"
        }
      ],
      "rain": {
        "1h": 6.27
      }
    }
  ]
}