{
  "lat": 42.1571,
  "lon": -71.1586,
  "timezone": "America/New_York",
  "timezone_offset": -14400,
  "data": [
    {
      "dt": 1539014400,
      "sunrise": 1538995748,
      "sunset": 1539036894,
      "temp": 287.6,
      "feels_like": 287.11,
      "pressure": 1033,
      "humidity": 77,
      "dew_point": 283.62,
      "clouds": 100,
      "visibility": 10000,
      "wind_speed": 3.6,
      "wind_deg": 40,
      "weather": [
        {
          "id": 804,
          "main": "Clouds",
          "description": "overcast clouds",
          "icon": "04d"
        }
      ]
    }
  ]
}