{
  "lat": 42.1571,
  "lon": -71.1586,
  "timezone": "America/New_York",
  "timezone_offset": -14400,
  "data": [
    {
      "dt": 1529094600,
      "sunrise": 1529053679,
      "sunset": 1529108543,
      "temp": 293.9,
      "feels_like": 293.55,
      "pressure": 1014,
      "humidity": 58,
      "dew_point": 285.35,
      "clouds": 100,
      "visibility": 10000,
      "wind_speed": 2.6,
      "wind_deg": 0,
      "weather": [
        {
          "id": 804,
          "main": "Clouds",
          "description": "overcast clouds",
          "icon": "04d"
        }
      ]
    }
  ]
}