{
  "lat": 42.1571,
  "lon": -71.1586,
  "timezone": "America/New_York",
  "timezone_offset": -14400,
  "data": [
    {
      "dt": 1528657200,
      "sunrise": 1528621703,
      "sunset": 1528676401,
      "temp": 297.05,
      "feels_like": 296.23,
      "pressure": 1017,
      "humidity": 28,
      "dew_point": 277.45,
      "clouds": 0,
      "visibility": 10000,
      "wind_speed": 2.6,
      "wind_deg": 190,
      "weather": [
        {
          "id": 800,
          "main": "Clear",
          "description": "clear sky",
          "icon": "01d"
        }
      ]
    }
  ]
}