{
  "lat": 42.1571,
  "lon": -71.1586,
  "timezone": "America/New_York",
  "timezone_offset": -14400,
  "data": [
    {
      "dt": 1520793000,
      "sunrise": 1520766208,
      "sunset": 1520808360,
      "temp": 279.96,
      "feels_like": 276.92,
      "pressure": 1015,
      "humidity": 44,
      "dew_point": 269.09,
      "clouds": 75,
      "visibility": 10000,
      "wind_speed": 4.63,
      "wind_deg": 260,
      "weather": [
        {
          "id": 803,
          "main": "Clouds",
          "description": "broken clouds",
          "icon": "04d"
        }
      ]
    }
  ]
}