{
  "lat": 42.1571,
  "lon": -71.1586,
  "timezone": "America/New_York",
  "timezone_offset": -14400,
  "data": [
    {
      "dt": 1524343500,
      "sunrise": 1524304463,
      "sunset": 1524353512,
      "temp": 288.91,
      "feels_like": 287.06,
      "pressure": 1022,
      "humidity": 20,
      "dew_point": 266.82,
      "clouds": 0,
      "visibility": 10000,
      "wind_speed": 5.7,
      "wind_deg": 320,
      "weather": [
        {
          "id": 800,
          "main": "Clear",
          "description": "clear sky",
          "icon": "01d"
        }
      ]
    }
  ]
}