{
  "lat": 42.1571,
  "lon": -71.1586,
  "timezone": "America/New_York",
  "timezone_offset": -18000,
  "data": [
    {
      "dt": 1516309200,
      "sunrise": 1516277338,
      "sunset": 1516311646,
      "temp": 273.9,
      "feels_like": 269.39,
      "pressure": 1011,
      "humidity": 53,
      "dew_point": 266.28,
      "clouds": 0,
      "visibility": 10000,
      "wind_speed": 4.63,
      "wind_deg": 310,
      "wind_gust": 7.2,
      "weather": [
        {
          "id": 800,
          "main": "Clear",
          "description": "clear sky",
          "icon": "01d"
        }
      ]
    }
  ]
}