{
  "lat": 42.1571,
  "lon": -71.1586,
  "timezone": "America/New_York",
  "timezone_offset": -18000,
  "data": [
    {
      "dt": 1545947100,
      "sunrise": 1545912734,
      "sunset": 1545945539,
      "temp": 271.96,
      "feels_like": 268.61,
      "pressure": 1036,
      "humidity": 50,
      "dew_point": 263.87,
      "clouds": 0,
      "visibility": 10000,
      "wind_speed": 2.6,
      "wind_deg": 90,
      "weather": [
        {
          "id": 800,
          "main": "Clear",
          "description": "clear sky",
          "icon": "01n"
        }
      ]
    }
  ]
}