{
  "lat": 42.1571,
  "lon": -71.1586,
  "timezone": "America/New_York",
  "timezone_offset": -14400,
  "data": [
    {
      "dt": 1537383600,
      "sunrise": 1537352932,
      "sunset": 1537397286,
      "temp": 291.57,
      "feels_like": 291.71,
      "pressure": 1015,
      "humidity": 86,
      "dew_point": 289.19,
      "clouds": 100,
      "visibility": 10000,
      "wind_speed": 3.1,
      "wind_deg": 40,
      "weather": [
        {
          "id": 804,
          "main": "Clouds",
          "description": "overcast clouds",
          "icon": "04d"
        }
      ]
    }
  ]
}