{
  "lat": 42.1571,
  "lon": -71.1586,
  "timezone": "America/New_York",
  "timezone_offset": -14400,
  "data": [
    {
      "dt": 1536960600,
      "sunrise": 1536920621,
      "sunset": 1536965818,
      "temp": 296.25,
      "feels_like": 296.63,
      "pressure": 1023,
      "humidity": 77,
      "dew_point": 292,
      "clouds": 20,
      "visibility": 10000,
      "wind_speed": 2.6,
      "wind_deg": 60,
      "weather": [
        {
          "id": 801,
          "main": "Clouds",
          "description": "few clouds",
          "icon": "02d"
        }
      ]
    }
  ]
}