{
  "lat": 42.1571,
  "lon": -71.1586,
  "timezone": "America/New_York",
  "timezone_offset": -14400,
  "data": [
    {
      "dt": 1530733500,
      "sunrise": 1530695630,
      "sunset": 1530750235,
      "temp": 307.05,
      "feels_like": 307.69,
      "pressure": 1025,
      "humidity": 37,
      "dew_point": 290.32,
      "clouds": 0,
      "visibility": 10000,
      "wind_speed": 3.6,
      "wind_deg": 80,
      "weather": [
        {
          "id": 800,
          "main": "Clear",
          "description": "clear sky",
          "icon": "01d"
        }
      ]
    }
  ]
}