{
  "lat": 42.1571,
  "lon": -71.1586,
  "timezone": "America/New_York",
  "timezone_offset": -18000,
  "data": [
    {
      "dt": 1544479200,
      "sunrise": 1544443345,
      "sunset": 1544476366,
      "temp": 272.06,
      "feels_like": 267.83,
      "pressure": 1020,
      "humidity": 63,
      "dew_point": 266.61,
      "clouds": 0,
      "visibility": 10000,
      "wind_speed": 3.6,
      "wind_deg": 350,
      "weather": [
        {
          "id": 800,
          "main": "Clear",
          "description": "clear sky",
          "icon": "01n"
        }
      ]
    }
  ]
}