{
  "lat": 42.1571,
  "lon": -71.1586,
  "timezone": "America/New_York",
  "timezone_offset": -14400,
  "data": [
    {
      "dt": 1526589000,
      "sunrise": 1526548913,
      "sunset": 1526601624,
      "temp": 297.05,
      "feels_like": 297.09,
      "pressure": 1015,
      "humidity": 61,
      "dew_point": 289.08,
      "clouds": 0,
      "visibility": 10000,
      "wind_speed": 2.6,
      "wind_deg": 160,
      "weather": [
        {
          "id": 800,
          "main": "Clear",
          "description": "clear sky",
          "icon": "01d"
        }
      ]
    }
  ]
}