{
  "lat": 42.1571,
  "lon": -71.1586,
  "timezone": "America/New_York",
  "timezone_offset": -14400,
  "data": [
    {
      "dt": 1539370800,
      "sunrise": 1539341617,
      "sunset": 1539382095,
      "temp": 290.38,
      "feels_like": 289.62,
      "pressure": 1000,
      "humidity": 56,
      "dew_point": 281.53,
      "clouds": 75,
      "visibility": 10000,
      "wind_speed": 5.7,
      "wind_deg": 310,
      "wind_gust": 9.8,
      "weather": [
        {
          "id": 803,
          "main": "Clouds",
          "description": "broken clouds",
          "icon": "04d"
        }
      ]
    }
  ]
}