{
  "lat": 42.1571,
  "lon": -71.1586,
  "timezone": "America/New_York",
  "timezone_offset": -14400,
  "data": [
    {
      "dt": 1541195100,
      "sunrise": 1541157524,
      "sunset": 1541194653,
      "temp": 292.1,
      "feels_like": 292.51,
      "pressure": 1007,
      "humidity": 94,
      "dew_point": 291.11,
      "clouds": 100,
      "visibility": 10000,
      "wind_speed": 7.2,
      "wind_deg": 190,
      "wind_gust": 11.8,
      "weather": [
        {
          "id": 500,
          "main": "Rain",
          "description": "light rain",
          "icon": "10n"
        }
      ],
      "rain": {
        "1h": 0.2
      }
    }
  ]
}