{
  "lat": 42.1571,
  "lon": -71.1586,
  "timezone": "America/New_York",
  "timezone_offset": -18000,
  "data": [
    {
      "dt": 1542826800,
      "sunrise": 1542800544,
      "sunset": 1542835139,
      "temp": 278.91,
      "feels_like": 274.4,
      "pressure": 1012,
      "humidity": 52,
      "dew_point": 270.21,
      "clouds": 100,
      "visibility": 10000,
      "wind_speed": 7.72,
      "wind_deg": 220,
      "wind_gust": 10.29,
      "weather": [
        {
          "id": 804,
          "main": "Clouds",
          "description": "overcast clouds",
          "icon": "04d"
        }
      ]
    }
  ]
}