{
  "lat": 42.1571,
  "lon": -71.1586,
  "timezone": "America/New_York",
  "timezone_offset": -14400,
  "data": [
    {
      "dt": 1529874000,
      "sunrise": 1529831362,
      "sunset": 1529886279,
      "temp": 300.2,
      "feels_like": 301.68,
      "pressure": 1008,
      "humidity": 65,
      "dew_point": 293.06,
      "clouds": 100,
      "visibility": 10000,
      "wind_speed": 4.63,
      "wind_deg": 190,
      "weather": [
        {
          "id": 804,
          "main": "Clouds",
          "description": "overcast clouds",
          "icon": "04d"
        }
      ]
    }
  ]
}