{
  "lat": 42.1571,
  "lon": -71.1586,
  "timezone": "America/New_York",
  "timezone_offset": -14400,
  "data": [
    {
      "dt": 1536085800,
      "sunrise": 1536056001,
      "sunset": 1536102864,
      "temp": 304.15,
      "feels_like": 305.57,
      "pressure": 1022,
      "humidity": 49,
      "dew_point": 292.19,
      "clouds": 20,
      "visibility": 10000,
      "wind_speed": 3.6,
      "wind_deg": 110,
      "weather": [
        {
          "id": 801,
          "main": "Clouds",
          "description": "few clouds",
          "icon": "02d"
        }
      ]
    }
  ]
}