{
  "lat": 42.1571,
  "lon": -71.1586,
  "timezone": "America/New_York",
  "timezone_offset": -18000,
  "data": [
    {
      "dt": 1520628300,
      "sunrise": 1520593611,
      "sunset": 1520635422,
      "temp": 276.11,
      "feels_like": 271.86,
      "pressure": 1004,
      "humidity": 58,
      "dew_point": 269.18,
      "clouds": 100,
      "visibility": 10000,
      "wind_speed": 5.14,
      "wind_deg": 270,
      "wind_gust": 10.29,
      "weather": [
        {
          "id": 804,
          "main": "Clouds",
          "description": "overcast clouds",
          "icon": "04d"
        }
      ]
    }
  ]
}