{
  "lat": 42.1571,
  "lon": -71.1586,
  "timezone": "America/New_York",
  "timezone_offset": -14400,
  "data": [
    {
      "dt": 1540233900,
      "sunrise": 1540206316,
      "sunset": 1540245157,
      "temp": 283.9,
      "feels_like": 282.1,
      "pressure": 1021,
      "humidity": 41,
      "dew_point": 271.42,
      "clouds": 75,
      "visibility": 10000,
      "wind_speed": 4.12,
      "wind_deg": 270,
      "wind_gust": 9.26,
      "weather": [
        {
          "id": 803,
          "main": "Clouds",
          "description": "broken clouds",
          "icon": "04d"
        }
      ]
    }
  ]
}