{
  "lat": 42.1571,
  "lon": -71.1586,
  "timezone": "America/New_York",
  "timezone_offset": -18000,
  "data": [
    {
      "dt": 1544981400,
      "sunrise": 1544962018,
      "sunset": 1544994823,
      "temp": 280.19,
      "feels_like": 276.56,
      "pressure": 1016,
      "humidity": 76,
      "dew_point": 276.25,
      "clouds": 100,
      "visibility": 10000,
      "wind_speed": 6.2,
      "wind_deg": 70,
      "wind_gust": 12.9,
      "weather": [
        {
          "id": 500,
          "main": "Rain",
          "description": "light rain",
          "icon": "10d"
        }
      ],
      "rain": {
        "1h": 0.3
      }
    }
  ]
}