{
  "lat": 42.1571,
  "lon": -71.1586,
  "timezone": "America/New_York",
  "timezone_offset": -14400,
  "data": [
    {
      "dt": 1528556400,
      "sunrise": 1528535314,
      "sunset": 1528589968,
      "temp": 298.9,
      "feels_like": 298.31,
      "pressure": 1019,
      "humidity": 30,
      "dew_point": 280.04,
      "clouds": 0,
      "visibility": 10000,
      "wind_speed": 3.6,
      "wind_deg": 10,
      "weather": [
        {
          "id": 800,
          "main": "Clear",
          "description": "clear sky",
          "icon": "01d"
        }
      ]
    }
  ]
}