{
  "lat": 42.1571,
  "lon": -71.1586,
  "timezone": "America/New_York",
  "timezone_offset": -14400,
  "data": [
    {
      "dt": 1523208600,
      "sunrise": 1523182510,
      "sunset": 1523229440,
      "temp": 278.9,
      "feels_like": 276.16,
      "pressure": 1009,
      "humidity": 39,
      "dew_point": 266.83,
      "clouds": 75,
      "visibility": 10000,
      "wind_speed": 3.6,
      "wind_deg": 100,
      "weather": [
        {
          "id": 803,
          "main": "Clouds",
          "description": "broken clouds",
          "icon": "04d"
        }
      ]
    }
  ]
}