{
  "lat": 42.1571,
  "lon": -71.1586,
  "timezone": "America/New_York",
  "timezone_offset": -18000,
  "data": [
    {
      "dt": 1544373900,
      "sunrise": 1544356893,
      "sunset": 1544389965,
      "temp": 275.2,
      "feels_like": 271,
      "pressure": 1027,
      "humidity": 47,
      "dew_point": 265.97,
      "clouds": 0,
      "visibility": 10000,
      "wind_speed": 4.63,
      "wind_deg": 240,
      "weather": [
        {
          "id": 800,
          "main": "Clear",
          "description": "clear sky",
          "icon": "01d"
        }
      ]
    }
  ]
}