{
  "lat": 42.1571,
  "lon": -71.1586,
  "timezone": "America/New_York",
  "timezone_offset": -14400,
  "data": [
    {
      "dt": 1540231200,
      "sunrise": 1540206316,
      "sunset": 1540245157,
      "temp": 284.95,
      "feels_like": 283.13,
      "pressure": 1021,
      "humidity": 36,
      "dew_point": 270.7,
      "clouds": 40,
      "visibility": 10000,
      "wind_speed": 6.2,
      "wind_deg": 230,
      "wind_gust": 9.3,
      "weather": [
        {
          "id": 802,
          "main": "Clouds",
          "description": "scattered clouds",
          "icon": "03d"
        }
      ]
    }
  ]
}