{
  "lat": 42.1571,
  "lon": -71.1586,
  "timezone": "America/New_York",
  "timezone_offset": -14400,
  "data": [
    {
      "dt": 1523999700,
      "sunrise": 1523959233,
      "sunset": 1524007642,
      "temp": 282.3,
      "feels_like": 278.66,
      "pressure": 999,
      "humidity": 52,
      "dew_point": 272.99,
      "clouds": 100,
      "visibility": 10000,
      "wind_speed": 8.23,
      "wind_deg": 280,
      "wind_gust": 11.32,
      "weather": [
        {
          "id": 804,
          "main": "Clouds",
          "description": "overcast clouds",
          "icon": "04d"
        }
      ]
    }
  ]
}