{
  "lat": 42.1571,
  "lon": -71.1586,
  "timezone": "America/New_York",
  "timezone_offset": -14400,
  "data": [
    {
      "dt": 1530123300,
      "sunrise": 1530090624,
      "sunset": 1530145488,
      "temp": 299.15,
      "feels_like": 299.15,
      "pressure": 1018,
      "humidity": 45,
      "dew_point": 286.31,
      "clouds": 20,
      "visibility": 10000,
      "wind_speed": 6.2,
      "wind_deg": 210,
      "wind_gust": 9.8,
      "weather": [
        {
          "id": 801,
          "main": "Clouds",
          "description": "few clouds",
          "icon": "02d"
        }
      ]
    }
  ]
}