{
  "lat": 42.1571,
  "lon": -71.1586,
  "timezone": "America/New_York",
  "timezone_offset": -14400,
  "data": [
    {
      "dt": 1532722500,
      "sunrise": 1532683956,
      "sunset": 1532736566,
      "temp": 304.15,
      "feels_like": 307.51,
      "pressure": 1014,
      "humidity": 58,
      "dew_point": 294.92,
      "clouds": 0,
      "visibility": 10000,
      "wind_speed": 6.2,
      "wind_deg": 200,
      "wind_gust": 10.8,
      "weather": [
        {
          "id": 500,
          "main": "Rain",
          "description": "light rain",
          "icon": "10d"
        }
      ],
      "rain": {
        "1h": 0.18
      }
    }
  ]
}