{
  "lat": 42.1571,
  "lon": -71.1586,
  "timezone": "America/New_York",
  "timezone_offset": -14400,
  "data": [
    {
      "dt": 1537891200,
      "sunrise": 1537871707,
      "sunset": 1537915047,
      "temp": 289.19,
      "feels_like": 289.12,
      "pressure": 1031,
      "humidity": 87,
      "dew_point": 287.03,
      "clouds": 100,
      "visibility": 10000,
      "wind_speed": 3.1,
      "wind_deg": 100,
      "weather": [
        {
          "id": 500,
          "main": "Rain",
          "description": "light rain",
          "icon": "10d"
        }
      ],
      "rain": {
        "1h": 0.3
      }
    }
  ]
}