{
  "lat": 42.1571,
  "lon": -71.1586,
  "timezone": "America/New_York",
  "timezone_offset": -18000,
  "data": [
    {
      "dt": 1515341700,
      "sunrise": 1515327177,
      "sunset": 1515360511,
      "temp": 259.95,
      "feels_like": 252.95,
      "pressure": 1033,
      "humidity": 33,
      "dew_point": 248.32,
      "clouds": 0,
      "visibility": 10000,
      "wind_speed": 5.14,
      "wind_deg": 290,
      "wind_gust": 8.23,
      "weather": [
        {
          "id": 800,
          "main": "Clear",
          "description": "clear sky",
          "icon": "01d"
        }
      ]
    }
  ]
}