{
  "lat": 42.1571,
  "lon": -71.1586,
  "timezone": "America/New_York",
  "timezone_offset": -14400,
  "data": [
    {
      "dt": 1536442200,
      "sunrise": 1536401849,
      "sunset": 1536448050,
      "temp": 292.29,
      "feels_like": 292.01,
      "pressure": 1021,
      "humidity": 67,
      "dew_point": 286.02,
      "clouds": 75,
      "visibility": 10000,
      "wind_speed": 2.6,
      "wind_deg": 50,
      "weather": [
        {
          "id": 803,
          "main": "Clouds",
          "description": "broken clouds",
          "icon": "04d"
        }
      ]
    }
  ]
}