{
  "lat": 42.1571,
  "lon": -71.1586,
  "timezone": "America/New_York",
  "timezone_offset": -14400,
  "data": [
    {
      "dt": 1531669500,
      "sunrise": 1531646499,
      "sunset": 1531700348,
      "temp": 302.05,
      "feels_like": 304.96,
      "pressure": 1014,
      "humidity": 66,
      "dew_point": 295.06,
      "clouds": 20,
      "visibility": 10000,
      "wind_speed": 0,
      "wind_deg": 0,
      "weather": [
        {
          "id": 801,
          "main": "Clouds",
          "description": "few clouds",
          "icon": "02d"
        }
      ]
    }
  ]
}