{
  "lat": 42.1571,
  "lon": -71.1586,
  "timezone": "America/New_York",
  "timezone_offset": -18000,
  "data": [
    {
      "dt": 1519594200,
      "sunrise": 1519557981,
      "sunset": 1519597762,
      "temp": 278.5,
      "feels_like": 276.83,
      "pressure": 1016,
      "humidity": 94,
      "dew_point": 277.61,
      "clouds": 100,
      "visibility": 3218,
      "wind_speed": 2.1,
      "wind_deg": 10,
      "weather": [
        {
          "id": 701,
          "main": "Mist",
          "description": "mist",
          "icon": "50d"
        },
        {
          "id": 500,
          "main": "Rain",
          "description": "light rain",
          "icon": "10d"
        }
      ],
      "rain": {
        "1h": 1
      }
    }
  ]
}