{
  "lat": 42.1571,
  "lon": -71.1586,
  "timezone": "America/New_York",
  "timezone_offset": -14400,
  "data": [
    {
      "dt": 1522595700,
      "sunrise": 1522578424,
      "sunset": 1522624174,
      "temp": 285.2,
      "feels_like": 283.69,
      "pressure": 1012,
      "humidity": 47,
      "dew_point": 274.24,
      "clouds": 0,
      "visibility": 10000,
      "wind_speed": 8.23,
      "wind_deg": 240,
      "wind_gust": 10.29,
      "weather": [
        {
          "id": 800,
          "main": "Clear",
          "description": "clear sky",
          "icon": "01d"
        }
      ]
    }
  ]
}