{
  "lat": 42.1571,
  "lon": -71.1586,
  "timezone": "America/New_York",
  "timezone_offset": -18000,
  "data": [
    {
      "dt": 1544987700,
      "sunrise": 1544962018,
      "sunset": 1544994823,
      "temp": 280.19,
      "feels_like": 276.39,
      "pressure": 1016,
      "humidity": 75,
      "dew_point": 276.07,
      "clouds": 100,
      "visibility": 10000,
      "wind_speed": 6.7,
      "wind_deg": 70,
      "wind_gust": 13.9,
      "weather": [
        {
          "id": 804,
          "main": "Clouds",
          "description": "overcast clouds",
          "icon": "04d"
        }
      ]
    }
  ]
}