{
  "lat": 42.1571,
  "lon": -71.1586,
  "timezone": "America/New_York",
  "timezone_offset": -14400,
  "data": [
    {
      "dt": 1535560200,
      "sunrise": 1535537225,
      "sunset": 1535585068,
      "temp": 307.3,
      "feels_like": 311.87,
      "pressure": 1014,
      "humidity": 50,
      "dew_point": 295.39,
      "clouds": 20,
      "visibility": 10000,
      "wind_speed": 5.7,
      "wind_deg": 210,
      "wind_gust": 9.3,
      "weather": [
        {
          "id": 801,
          "main": "Clouds",
          "description": "few clouds",
          "icon": "02d"
        }
      ]
    }
  ]
}