{
  "lat": 42.1571,
  "lon": -71.1586,
  "timezone": "America/New_York",
  "timezone_offset": -18000,
  "data": [
    {
      "dt": 1519668000,
      "sunrise": 1519644288,
      "sunset": 1519684236,
      "temp": 282.34,
      "feels_like": 279.67,
      "pressure": 1018,
      "humidity": 49,
      "dew_point": 272.3,
      "clouds": 0,
      "visibility": 10000,
      "wind_speed": 5.14,
      "wind_deg": 250,
      "weather": [
        {
          "id": 800,
          "main": "Clear",
          "description": "clear sky",
          "icon": "01d"
        }
      ]
    }
  ]
}