{
  "lat": 42.1571,
  "lon": -71.1586,
  "timezone": "America/New_York",
  "timezone_offset": -14400,
  "data": [
    {
      "dt": 1524170700,
      "sunrise": 1524131846,
      "sunset": 1524180577,
      "temp": 279.15,
      "feels_like": 277.15,
      "pressure": 1006,
      "humidity": 82,
      "dew_point": 276.31,
      "clouds": 100,
      "visibility": 10000,
      "wind_speed": 2.6,
      "wind_deg": 260,
      "weather": [
        {
          "id": 500,
          "main": "Rain",
          "description": "light rain",
          "icon": "10d"
        }
      ],
      "rain": {
        "1h": 0.2,
        "3h": 0.4
      }
    }
  ]
}