{
  "lat": 42.1571,
  "lon": -71.1586,
  "timezone": "America/New_York",
  "timezone_offset": -14400,
  "data": [
    {
      "dt": 1532207700,
      "sunrise": 1532165213,
      "sunset": 1532218490,
      "temp": 296.97,
      "feels_like": 297.08,
      "pressure": 1020,
      "humidity": 64,
      "dew_point": 289.75,
      "clouds": 0,
      "visibility": 10000,
      "wind_speed": 3.6,
      "wind_deg": 40,
      "weather": [
        {
          "id": 800,
          "main": "Clear",
          "description": "clear sky",
          "icon": "01d"
        }
      ]
    }
  ]
}