{
  "lat": 42.1571,
  "lon": -71.1586,
  "timezone": "America/New_York",
  "timezone_offset": -14400,
  "data": [
    {
      "dt": 1530287100,
      "sunrise": 1530263474,
      "sunset": 1530318283,
      "temp": 303.1,
      "feels_like": 304.61,
      "pressure": 1013,
      "humidity": 53,
      "dew_point": 292.48,
      "clouds": 20,
      "visibility": 10000,
      "wind_speed": 3.6,
      "wind_deg": 340,
      "weather": [
        {
          "id": 500,
          "main": "Rain",
          "description": "light rain",
          "icon": "10d"
        }
      ],
      "rain": {
        "1h": 0.13
      }
    }
  ]
}