{
  "lat": 42.1571,
  "lon": -71.1586,
  "timezone": "America/New_York",
  "timezone_offset": -14400,
  "data": [
    {
      "dt": 1539980100,
      "sunrise": 1539946902,
      "sunset": 1539986228,
      "temp": 290.2,
      "feels_like": 288.72,
      "pressure": 1016,
      "humidity": 29,
      "dew_point": 272.18,
      "clouds": 0,
      "visibility": 10000,
      "wind_speed": 7.2,
      "wind_deg": 210,
      "wind_gust": 11.83,
      "weather": [
        {
          "id": 800,
          "main": "Clear",
          "description": "clear sky",
          "icon": "01d"
        }
      ]
    }
  ]
}