{
  "lat": 42.1571,
  "lon": -71.1586,
  "timezone": "America/New_York",
  "timezone_offset": -14400,
  "data": [
    {
      "dt": 1537722900,
      "sunrise": 1537698782,
      "sunset": 1537742459,
      "temp": 290.58,
      "feels_like": 289.84,
      "pressure": 1024,
      "humidity": 56,
      "dew_point": 281.72,
      "clouds": 0,
      "visibility": 10000,
      "wind_speed": 1.54,
      "wind_deg": 350,
      "weather": [
        {
          "id": 800,
          "main": "Clear",
          "description": "clear sky",
          "icon": "01d"
        }
      ]
    }
  ]
}