{
  "lat": 42.1571,
  "lon": -71.1586,
  "timezone": "America/New_York",
  "timezone_offset": -14400,
  "data": [
    {
      "dt": 1536093000,
      "sunrise": 1536056001,
      "sunset": 1536102864,
      "temp": 302.3,
      "feels_like": 303.68,
      "pressure": 1022,
      "humidity": 55,
      "dew_point": 292.34,
      "clouds": 75,
      "visibility": 10000,
      "wind_speed": 3.6,
      "wind_deg": 100,
      "weather": [
        {
          "id": 803,
          "main": "Clouds",
          "description": "broken clouds",
          "icon": "04d"
        }
      ]
    }
  ]
}