{
  "lat": 42.1571,
  "lon": -71.1586,
  "timezone": "America/New_York",
  "timezone_offset": -14400,
  "data": [
    {
      "dt": 1526934600,
      "sunrise": 1526894302,
      "sunset": 1526947463,
      "temp": 299.15,
      "feels_like": 299.15,
      "pressure": 1018,
      "humidity": 27,
      "dew_point": 278.72,
      "clouds": 0,
      "visibility": 10000,
      "wind_speed": 5.7,
      "wind_deg": 290,
      "wind_gust": 7.7,
      "weather": [
        {
          "id": 800,
          "main": "Clear",
          "description": "clear sky",
          "icon": "01d"
        }
      ]
    }
  ]
}