{
  "lat": 42.1571,
  "lon": -71.1586,
  "timezone": "America/New_York",
  "timezone_offset": -14400,
  "data": [
    {
      "dt": 1526404500,
      "sunrise": 1526376229,
      "sunset": 1526428700,
      "temp": 300.2,
      "feels_like": 300.87,
      "pressure": 1009,
      "humidity": 54,
      "dew_point": 290.1,
      "clouds": 40,
      "visibility": 10000,
      "wind_speed": 7.2,
      "wind_deg": 230,
      "wind_gust": 11.32,
      "weather": [
        {
          "id": 802,
          "main": "Clouds",
          "description": "scattered clouds",
          "icon": "03d"
        }
      ]
    }
  ]
}