{
  "lat": 42.1571,
  "lon": -71.1586,
  "timezone": "America/New_York",
  "timezone_offset": -18000,
  "data": [
    {
      "dt": 1542817800,
      "sunrise": 1542800544,
      "sunset": 1542835139,
      "temp": 278.11,
      "feels_like": 273.36,
      "pressure": 1013,
      "humidity": 51,
      "dew_point": 269.32,
      "clouds": 75,
      "visibility": 10000,
      "wind_speed": 7.72,
      "wind_deg": 220,
      "wind_gust": 10.8,
      "weather": [
        {
          "id": 803,
          "main": "Clouds",
          "description": "broken clouds",
          "icon": "04d"
        }
      ]
    }
  ]
}