{
  "lat": 42.1571,
  "lon": -71.1586,
  "timezone": "America/New_York",
  "timezone_offset": -18000,
  "data": [
    {
      "dt": 1541433600,
      "sunrise": 1541416950,
      "sunset": 1541453636,
      "temp": 283.9,
      "feels_like": 282.88,
      "pressure": 1032,
      "humidity": 71,
      "dew_point": 278.86,
      "clouds": 100,
      "visibility": 10000,
      "wind_speed": 5.7,
      "wind_deg": 100,
      "weather": [
        {
          "id": 804,
          "main": "Clouds",
          "description": "overcast clouds",
          "icon": "04d"
        }
      ]
    }
  ]
}