{
  "lat": 42.1571,
  "lon": -71.1586,
  "timezone": "America/New_York",
  "timezone_offset": -14400,
  "data": [
    {
      "dt": 1525121100,
      "sunrise": 1525081289,
      "sunset": 1525131719,
      "temp": 282.29,
      "feels_like": 281.78,
      "pressure": 1012,
      "humidity": 81,
      "dew_point": 279.21,
      "clouds": 100,
      "visibility": 10000,
      "wind_speed": 1.54,
      "wind_deg": 290,
      "weather": [
        {
          "id": 500,
          "main": "Rain",
          "description": "light rain",
          "icon": "10d"
        }
      ],
      "rain": {
        "1h": 1,
        "3h": 2.4
      }
    }
  ]
}