{
  "lat": 42.1571,
  "lon": -71.1586,
  "timezone": "America/New_York",
  "timezone_offset": -18000,
  "data": [
    {
      "dt": 1515185100,
      "sunrise": 1515154391,
      "sunset": 1515187594,
      "temp": 263.1,
      "feels_like": 256.1,
      "pressure": 1002,
      "humidity": 40,
      "dew_point": 253.18,
      "clouds": 0,
      "visibility": 10000,
      "wind_speed": 10.3,
      "wind_deg": 260,
      "wind_gust": 13.4,
      "weather": [
        {
          "id": 800,
          "main": "Clear",
          "description": "clear sky",
          "icon": "01d"
        }
      ]
    }
  ]
}