{
  "lat": 42.1571,
  "lon": -71.1586,
  "timezone": "America/New_York",
  "timezone_offset": -18000,
  "data": [
    {
      "dt": 1514931300,
      "sunrise": 1514895194,
      "sunset": 1514928230,
      "temp": 265.96,
      "feels_like": 259.52,
      "pressure": 1024,
      "humidity": 48,
      "dew_point": 257.78,
      "clouds": 0,
      "visibility": 10000,
      "wind_speed": 4.63,
      "wind_deg": 250,
      "weather": [
        {
          "id": 800,
          "main": "Clear",
          "description": "clear sky",
          "icon": "01n"
        }
      ]
    }
  ]
}