{
  "lat": 42.1571,
  "lon": -71.1586,
  "timezone": "America/New_York",
  "timezone_offset": -14400,
  "data": [
    {
      "dt": 1529513100,
      "sunrise": 1529485705,
      "sunset": 1529540638,
      "temp": 301.25,
      "feels_like": 300.58,
      "pressure": 1010,
      "humidity": 35,
      "dew_point": 284.36,
      "clouds": 0,
      "visibility": 10000,
      "wind_speed": 5.7,
      "wind_deg": 240,
      "wind_gust": 8.2,
      "weather": [
        {
          "id": 800,
          "main": "Clear",
          "description": "clear sky",
          "icon": "01d"
        }
      ]
    }
  ]
}