{
  "lat": 42.1571,
  "lon": -71.1586,
  "timezone": "America/New_York",
  "timezone_offset": -14400,
  "data": [
    {
      "dt": 1528737300,
      "sunrise": 1528708094,
      "sunset": 1528762833,
      "temp": 294.94,
      "feels_like": 294.25,
      "pressure": 1019,
      "humidity": 41,
      "dew_point": 281.12,
      "clouds": 20,
      "visibility": 10000,
      "wind_speed": 2.6,
      "wind_deg": 130,
      "weather": [
        {
          "id": 801,
          "main": "Clouds",
          "description": "few clouds",
          "icon": "02d"
        }
      ]
    }
  ]
}