{
  "lat": 42.1571,
  "lon": -71.1586,
  "timezone": "America/New_York",
  "timezone_offset": -14400,
  "data": [
    {
      "dt": 1540400400,
      "sunrise": 1540379260,
      "sunset": 1540417781,
      "temp": 281.25,
      "feels_like": 277.91,
      "pressure": 1013,
      "humidity": 85,
      "dew_point": 278.88,
      "clouds": 100,
      "visibility": 10000,
      "wind_speed": 6.2,
      "wind_deg": 320,
      "wind_gust": 10.3,
      "weather": [
        {
          "id": 500,
          "main": "Rain",
          "description": "light rain",
          "icon": "10d"
        }
      ],
      "rain": {
        "1h": 0.3
      }
    }
  ]
}