{
  "lat": 42.1571,
  "lon": -71.1586,
  "timezone": "America/New_York",
  "timezone_offset": -14400,
  "data": [
    {
      "dt": 1533396600,
      "sunrise": 1533375643,
      "sunset": 1533427241,
      "temp": 297.56,
      "feels_like": 298.43,
      "pressure": 1020,
      "humidity": 91,
      "dew_point": 295.99,
      "clouds": 100,
      "visibility": 6437,
      "wind_speed": 3.1,
      "wind_deg": 0,
      "weather": [
        {
          "id": 701,
          "main": "Mist",
          "description": "mist",
          "icon": "50d"
        },
        {
          "id": 502,
          "main": "Rain",
          "description": "heavy intensity rain",
          "icon": "10d"
        }
      ],
      "rain": {
        "1h": 11.14
      }
    }
  ]
}