{
  "lat": 42.1571,
  "lon": -71.1586,
  "timezone": "America/New_York",
  "timezone_offset": -14400,
  "data": [
    {
      "dt": 1532187000,
      "sunrise": 1532165213,
      "sunset": 1532218490,
      "temp": 298.9,
      "feels_like": 298.81,
      "pressure": 1021,
      "humidity": 49,
      "dew_point": 287.39,
      "clouds": 40,
      "visibility": 10000,
      "wind_speed": 5.14,
      "wind_deg": 100,
      "wind_gust": 8.75,
      "weather": [
        {
          "id": 802,
          "main": "Clouds",
          "description": "scattered clouds",
          "icon": "03d"
        }
      ]
    }
  ]
}