{
  "lat": 42.1571,
  "lon": -71.1586,
  "timezone": "America/New_York",
  "timezone_offset": -14400,
  "data": [
    {
      "dt": 1529689500,
      "sunrise": 1529658530,
      "sunset": 1529713462,
      "temp": 299.14,
      "feels_like": 299.14,
      "pressure": 1017,
      "humidity": 51,
      "dew_point": 288.23,
      "clouds": 0,
      "visibility": 10000,
      "wind_speed": 4.63,
      "wind_deg": 50,
      "weather": [
        {
          "id": 800,
          "main": "Clear",
          "description": "clear sky",
          "icon": "01d"
        }
      ]
    }
  ]
}