{
  "lat": 42.1571,
  "lon": -71.1586,
  "timezone": "America/New_York",
  "timezone_offset": -14400,
  "data": [
    {
      "dt": 1534619700,
      "sunrise": 1534586129,
      "sunset": 1534635707,
      "temp": 301.25,
      "feels_like": 303.87,
      "pressure": 1008,
      "humidity": 69,
      "dew_point": 295.03,
      "clouds": 100,
      "visibility": 10000,
      "wind_speed": 4.63,
      "wind_deg": 350,
      "weather": [
        {
          "id": 502,
          "main": "Rain",
          "description": "heavy intensity rain",
          "icon": "10d"
        }
      ],
      "rain": {
        "1h": 7.22
      }
    }
  ]
}