{
  "lat": 42.1571,
  "lon": -71.1586,
  "timezone": "America/New_York",
  "timezone_offset": -18000,
  "data": [
    {
      "dt": 1543681800,
      "sunrise": 1543665227,
      "sunset": 1543698840,
      "temp": 279.15,
      "feels_like": 278.19,
      "pressure": 1022,
      "humidity": 57,
      "dew_point": 271.5,
      "clouds": 0,
      "visibility": 10000,
      "wind_speed": 1.54,
      "wind_deg": 0,
      "weather": [
        {
          "id": 800,
          "main": "Clear",
          "description": "clear sky",
          "icon": "01d"
        }
      ]
    }
  ]
}