{
  "lat": 42.1571,
  "lon": -71.1586,
  "timezone": "America/New_York",
  "timezone_offset": -14400,
  "data": [
    {
      "dt": 1532709000,
      "sunrise": 1532683956,
      "sunset": 1532736566,
      "temp": 305.2,
      "feels_like": 308.89,
      "pressure": 1015,
      "humidity": 55,
      "dew_point": 295.02,
      "clouds": 40,
      "visibility": 10000,
      "wind_speed": 5.14,
      "wind_deg": 210,
      "wind_gust": 8.23,
      "weather": [
        {
          "id": 802,
          "main": "Clouds",
          "description": "scattered clouds",
          "icon": "03d"
        }
      ]
    }
  ]
}