{
  "lat": 42.1571,
  "lon": -71.1586,
  "timezone": "America/New_York",
  "timezone_offset": -18000,
  "data": [
    {
      "dt": 1519245900,
      "sunrise": 1519212745,
      "sunset": 1519251865,
      "temp": 296.24,
      "feels_like": 296.07,
      "pressure": 1020,
      "humidity": 56,
      "dew_point": 286.99,
      "clouds": 0,
      "visibility": 10000,
      "wind_speed": 8.8,
      "wind_deg": 190,
      "wind_gust": 11.3,
      "weather": [
        {
          "id": 800,
          "main": "Clear",
          "description": "clear sky",
          "icon": "01d"
        }
      ]
    }
  ]
}