{
  "lat": 42.1571,
  "lon": -71.1586,
  "timezone": "America/New_York",
  "timezone_offset": -14400,
  "data": [
    {
      "dt": 1535577300,
      "sunrise": 1535537225,
      "sunset": 1535585068,
      "temp": 308.1,
      "feels_like": 312.58,
      "pressure": 1011,
      "humidity": 47,
      "dew_point": 295.11,
      "clouds": 20,
      "visibility": 10000,
      "wind_speed": 6.2,
      "wind_deg": 240,
      "wind_gust": 9.8,
      "weather": [
        {
          "id": 801,
          "main": "Clouds",
          "description": "few clouds",
          "icon": "02d"
        }
      ]
    }
  ]
}