{
  "lat": 42.1571,
  "lon": -71.1586,
  "timezone": "America/New_York",
  "timezone_offset": -18000,
  "data": [
    {
      "dt": 1545855300,
      "sunrise": 1545826316,
      "sunset": 1545859100,
      "temp": 276.63,
      "feels_like": 271.49,
      "pressure": 1028,
      "humidity": 42,
      "dew_point": 265.85,
      "clouds": 0,
      "visibility": 10000,
      "wind_speed": 7.6,
      "wind_deg": 324,
      "wind_gust": 11.18,
      "weather": [
        {
          "id": 800,
          "main": "Clear",
          "description": "clear sky",
          "icon": "01d"
        }
      ]
    }
  ]
}