{
  "lat": 42.1571,
  "lon": -71.1586,
  "timezone": "America/New_York",
  "timezone_offset": -18000,
  "data": [
    {
      "dt": 1517334300,
      "sunrise": 1517313586,
      "sunset": 1517349357,
      "temp": 272.05,
      "feels_like": 265.96,
      "pressure": 1011,
      "humidity": 37,
      "dew_point": 260.58,
      "clouds": 100,
      "visibility": 10000,
      "wind_speed": 6.7,
      "wind_deg": 330,
      "wind_gust": 8.2,
      "weather": [
        {
          "id": 600,
          "main": "Snow",
          "description": "light snow",
          "icon": "13d"
        }
      ],
      "snow": {
        "1h": 0.21
      }
    }
  ]
}