{
  "lat": 42.1571,
  "lon": -71.1586,
  "timezone": "America/New_York",
  "timezone_offset": -14400,
  "data": [
    {
      "dt": 1529177400,
      "sunrise": 1529140080,
      "sunset": 1529194966,
      "temp": 302.29,
      "feels_like": 301.14,
      "pressure": 1013,
      "humidity": 30,
      "dew_point": 282.96,
      "clouds": 0,
      "visibility": 10000,
      "wind_speed": 3.1,
      "wind_deg": 0,
      "weather": [
        {
          "id": 800,
          "main": "Clear",
          "description": "clear sky",
          "icon": "01d"
        }
      ]
    }
  ]
}