{
  "lat": 42.1571,
  "lon": -71.1586,
  "timezone": "America/New_York",
  "timezone_offset": -14400,
  "data": [
    {
      "dt": 1520807400,
      "sunrise": 1520766208,
      "sunset": 1520808360,
      "temp": 278.23,
      "feels_like": 275.35,
      "pressure": 1017,
      "humidity": 49,
      "dew_point": 268.95,
      "clouds": 100,
      "visibility": 10000,
      "wind_speed": 3.6,
      "wind_deg": 300,
      "weather": [
        {
          "id": 804,
          "main": "Clouds",
          "description": "overcast clouds",
          "icon": "04d"
        }
      ]
    }
  ]
}