{
  "lat": 42.1571,
  "lon": -71.1586,
  "timezone": "America/New_York",
  "timezone_offset": -18000,
  "data": [
    {
      "dt": 1546120800,
      "sunrise": 1546085563,
      "sunset": 1546118424,
      "temp": 279.11,
      "feels_like": 274.05,
      "pressure": 1015,
      "humidity": 60,
      "dew_point": 272.09,
      "clouds": 20,
      "visibility": 10000,
      "wind_speed": 9.83,
      "wind_deg": 295,
      "wind_gust": 12.52,
      "weather": [
        {
          "id": 801,
          "main": "Clouds",
          "description": "few clouds",
          "icon": "02n"
        }
      ]
    }
  ]
}