{
  "lat": 42.1571,
  "lon": -71.1586,
  "timezone": "America/New_York",
  "timezone_offset": -18000,
  "data": [
    {
      "dt": 1517957100,
      "sunrise": 1517917942,
      "sunset": 1517954707,
      "temp": 273.9,
      "feels_like": 270.07,
      "pressure": 1030,
      "humidity": 56,
      "dew_point": 266.92,
      "clouds": 100,
      "visibility": 10000,
      "wind_speed": 3.6,
      "wind_deg": 280,
      "weather": [
        {
          "id": 804,
          "main": "Clouds",
          "description": "overcast clouds",
          "icon": "04n"
        }
      ]
    }
  ]
}