{
  "lat": 42.1571,
  "lon": -71.1586,
  "timezone": "America/New_York",
  "timezone_offset": -14400,
  "data": [
    {
      "dt": 1523394900,
      "sunrise": 1523355111,
      "sunset": 1523402373,
      "temp": 278.1,
      "feels_like": 276.99,
      "pressure": 1020,
      "humidity": 74,
      "dew_point": 273.86,
      "clouds": 100,
      "visibility": 10000,
      "wind_speed": 1.54,
      "wind_deg": 50,
      "weather": [
        {
          "id": 500,
          "main": "Rain",
          "description": "light rain",
          "icon": "10d"
        }
      ],
      "rain": {
        "1h": 0.21
      }
    }
  ]
}