{
  "lat": 42.1571,
  "lon": -71.1586,
  "timezone": "America/New_York",
  "timezone_offset": -14400,
  "data": [
    {
      "dt": 1525372200,
      "sunrise": 1525340252,
      "sunset": 1525391120,
      "temp": 306.25,
      "feels_like": 305.27,
      "pressure": 1010,
      "humidity": 30,
      "dew_point": 286.36,
      "clouds": 40,
      "visibility": 10000,
      "wind_speed": 8.23,
      "wind_deg": 220,
      "wind_gust": 14.92,
      "weather": [
        {
          "id": 802,
          "main": "Clouds",
          "description": "scattered clouds",
          "icon": "03d"
        }
      ]
    }
  ]
}