{
  "lat": 42.1571,
  "lon": -71.1586,
  "timezone": "America/New_York",
  "timezone_offset": -14400,
  "data": [
    {
      "dt": 1526829300,
      "sunrise": 1526807952,
      "sunset": 1526861004,
      "temp": 296.25,
      "feels_like": 296.65,
      "pressure": 1012,
      "humidity": 78,
      "dew_point": 292.21,
      "clouds": 100,
      "visibility": 10000,
      "wind_speed": 6.7,
      "wind_deg": 240,
      "wind_gust": 14.4,
      "weather": [
        {
          "id": 804,
          "main": "Clouds",
          "description": "overcast clouds",
          "icon": "04d"
        }
      ]
    }
  ]
}