{
  "lat": 42.1571,
  "lon": -71.1586,
  "timezone": "America/New_York",
  "timezone_offset": -14400,
  "data": [
    {
      "dt": 1536609600,
      "sunrise": 1536574773,
      "sunset": 1536620640,
      "temp": 291.24,
      "feels_like": 291.12,
      "pressure": 1026,
      "humidity": 77,
      "dew_point": 287.15,
      "clouds": 75,
      "visibility": 10000,
      "wind_speed": 6.7,
      "wind_deg": 100,
      "wind_gust": 10.8,
      "weather": [
        {
          "id": 500,
          "main": "Rain",
          "description": "light rain",
          "icon": "10d"
        }
      ],
      "rain": {
        "1h": 0.3
      }
    }
  ]
}