{
  "lat": 42.1571,
  "lon": -71.1586,
  "timezone": "America/New_York",
  "timezone_offset": -14400,
  "data": [
    {
      "dt": 1528038900,
      "sunrise": 1528017023,
      "sunset": 1528071333,
      "temp": 289.15,
      "feels_like": 288.35,
      "pressure": 1019,
      "humidity": 59,
      "dew_point": 281.15,
      "clouds": 100,
      "visibility": 10000,
      "wind_speed": 8.23,
      "wind_deg": 80,
      "wind_gust": 12.86,
      "weather": [
        {
          "id": 804,
          "main": "Clouds",
          "description": "overcast clouds",
          "icon": "04d"
        }
      ]
    }
  ]
}