{
  "lat": 42.1571,
  "lon": -71.1586,
  "timezone": "America/New_York",
  "timezone_offset": -14400,
  "data": [
    {
      "dt": 1540495800,
      "sunrise": 1540465733,
      "sunset": 1540504095,
      "temp": 283.1,
      "feels_like": 280.11,
      "pressure": 1013,
      "humidity": 37,
      "dew_point": 269.56,
      "clouds": 40,
      "visibility": 10000,
      "wind_speed": 6.7,
      "wind_deg": 310,
      "wind_gust": 11.3,
      "weather": [
        {
          "id": 802,
          "main": "Clouds",
          "description": "scattered clouds",
          "icon": "03d"
        }
      ]
    }
  ]
}