{
  "lat": 42.1571,
  "lon": -71.1586,
  "timezone": "America/New_York",
  "timezone_offset": -14400,
  "data": [
    {
      "dt": 1532628000,
      "sunrise": 1532597497,
      "sunset": 1532650224,
      "temp": 302.29,
      "feels_like": 305.99,
      "pressure": 1010,
      "humidity": 69,
      "dew_point": 296.02,
      "clouds": 75,
      "visibility": 10000,
      "wind_speed": 6.2,
      "wind_deg": 190,
      "wind_gust": 9.8,
      "weather": [
        {
          "id": 501,
          "main": "Rain",
          "description": "moderate rain",
          "icon": "10d"
        }
      ],
      "rain": {
        "1h": 1.85
      }
    }
  ]
}