{
  "lat": 42.1571,
  "lon": -71.1586,
  "timezone": "America/New_York",
  "timezone_offset": -14400,
  "data": [
    {
      "dt": 1538515800,
      "sunrise": 1538476954,
      "sunset": 1538519110,
      "temp": 290.94,
      "feels_like": 291.23,
      "pressure": 1018,
      "humidity": 94,
      "dew_point": 289.96,
      "clouds": 100,
      "visibility": 402,
      "wind_speed": 1.54,
      "wind_deg": 40,
      "weather": [
        {
          "id": 701,
          "main": "Mist",
          "description": "mist",
          "icon": "50d"
        },
        {
          "id": 500,
          "main": "Rain",
          "description": "light rain",
          "icon": "10d"
        }
      ],
      "rain": {
        "1h": 0.15
      }
    }
  ]
}