{
  "lat": 42.1571,
  "lon": -71.1586,
  "timezone": "America/New_York",
  "timezone_offset": -14400,
  "data": [
    {
      "dt": 1537547400,
      "sunrise": 1537525856,
      "sunset": 1537569872,
      "temp": 294.19,
      "feels_like": 293.84,
      "pressure": 1022,
      "humidity": 57,
      "dew_point": 285.35,
      "clouds": 40,
      "visibility": 10000,
      "wind_speed": 5.7,
      "wind_deg": 180,
      "wind_gust": 9.3,
      "weather": [
        {
          "id": 802,
          "main": "Clouds",
          "description": "scattered clouds",
          "icon": "03d"
        }
      ]
    }
  ]
}