{
  "lat": 42.1571,
  "lon": -71.1586,
  "timezone": "America/New_York",
  "timezone_offset": -14400,
  "data": [
    {
      "dt": 1540661400,
      "sunrise": 1540638679,
      "sunset": 1540676727,
      "temp": 284.15,
      "feels_like": 283.63,
      "pressure": 1010,
      "humidity": 89,
      "dew_point": 282.41,
      "clouds": 100,
      "visibility": 804,
      "wind_speed": 12.4,
      "wind_deg": 60,
      "wind_gust": 21.1,
      "weather": [
        {
          "id": 502,
          "main": "Rain",
          "description": "heavy intensity rain",
          "icon": "10d"
        },
        {
          "id": 701,
          "main": "Mist",
          "description": "mist",
          "icon": "50d"
        }
      ],
      "rain": {
        "1h": 4.65
      }
    }
  ]
}