{
  "lat": 42.1571,
  "lon": -71.1586,
  "timezone": "America/New_York",
  "timezone_offset": -14400,
  "data": [
    {
      "dt": 1538324100,
      "sunrise": 1538304026,
      "sunset": 1538346519,
      "temp": 292.07,
      "feels_like": 291.22,
      "pressure": 1027,
      "humidity": 46,
      "dew_point": 280.21,
      "clouds": 0,
      "visibility": 10000,
      "wind_speed": 2.6,
      "wind_deg": 0,
      "weather": [
        {
          "id": 800,
          "main": "Clear",
          "description": "clear sky",
          "icon": "01d"
        }
      ]
    }
  ]
}