{
  "lat": 42.1571,
  "lon": -71.1586,
  "timezone": "America/New_York",
  "timezone_offset": -14400,
  "data": [
    {
      "dt": 1526501700,
      "sunrise": 1526462570,
      "sunset": 1526515162,
      "temp": 287.05,
      "feels_like": 286.27,
      "pressure": 1021,
      "humidity": 68,
      "dew_point": 281.25,
      "clouds": 0,
      "visibility": 10000,
      "wind_speed": 3.1,
      "wind_deg": 70,
      "weather": [
        {
          "id": 800,
          "main": "Clear",
          "description": "clear sky",
          "icon": "01d"
        }
      ]
    }
  ]
}