{
  "lat": 42.1571,
  "lon": -71.1586,
  "timezone": "America/New_York",
  "timezone_offset": -18000,
  "data": [
    {
      "dt": 1520616600,
      "sunrise": 1520593611,
      "sunset": 1520635422,
      "temp": 275.2,
      "feels_like": 270.72,
      "pressure": 1003,
      "humidity": 59,
      "dew_point": 268.62,
      "clouds": 100,
      "visibility": 10000,
      "wind_speed": 5.14,
      "wind_deg": 240,
      "weather": [
        {
          "id": 500,
          "main": "Rain",
          "description": "light rain",
          "icon": "10d"
        }
      ],
      "rain": {
        "1h": 0.11
      }
    }
  ]
}