{
  "lat": 42.1571,
  "lon": -71.1586,
  "timezone": "America/New_York",
  "timezone_offset": -18000,
  "data": [
    {
      "dt": 1543768200,
      "sunrise": 1543751690,
      "sunset": 1543785223,
      "temp": 282.3,
      "feels_like": 279.42,
      "pressure": 1010,
      "humidity": 91,
      "dew_point": 280.91,
      "clouds": 100,
      "visibility": 6437,
      "wind_speed": 5.7,
      "wind_deg": 130,
      "weather": [
        {
          "id": 701,
          "main": "Mist",
          "description": "mist",
          "icon": "50d"
        },
        {
          "id": 500,
          "main": "Rain",
          "description": "light rain",
          "icon": "10d"
        }
      ],
      "rain": {
        "1h": 0.5
      }
    }
  ]
}