{
  "lat": 42.1571,
  "lon": -71.1586,
  "timezone": "America/New_York",
  "timezone_offset": -18000,
  "data": [
    {
      "dt": 1518198300,
      "sunrise": 1518176927,
      "sunset": 1518214142,
      "temp": 273.1,
      "feels_like": 268.09,
      "pressure": 1033,
      "humidity": 43,
      "dew_point": 263.23,
      "clouds": 75,
      "visibility": 10000,
      "wind_speed": 5.14,
      "wind_deg": 220,
      "wind_gust": 7.72,
      "weather": [
        {
          "id": 803,
          "main": "Clouds",
          "description": "broken clouds",
          "icon": "04d"
        }
      ]
    }
  ]
}