{
  "lat": 42.1571,
  "lon": -71.1586,
  "timezone": "America/New_York",
  "timezone_offset": -18000,
  "data": [
    {
      "dt": 1516917600,
      "sunrise": 1516881851,
      "sunset": 1516916969,
      "temp": 271.25,
      "feels_like": 264.94,
      "pressure": 1027,
      "humidity": 27,
      "dew_point": 256.44,
      "clouds": 0,
      "visibility": 10000,
      "wind_speed": 6.7,
      "wind_deg": 320,
      "wind_gust": 11.3,
      "weather": [
        {
          "id": 800,
          "main": "Clear",
          "description": "clear sky",
          "icon": "01n"
        }
      ]
    }
  ]
}