{
  "lat": 42.1571,
  "lon": -71.1586,
  "timezone": "America/New_York",
  "timezone_offset": -18000,
  "data": [
    {
      "dt": 1546029900,
      "sunrise": 1545999150,
      "sunset": 1546031981,
      "temp": 285,
      "feels_like": 284.7,
      "pressure": 1013,
      "humidity": 94,
      "dew_point": 284.07,
      "clouds": 100,
      "visibility": 8046,
      "wind_speed": 10.8,
      "wind_deg": 190,
      "wind_gust": 13.9,
      "weather": [
        {
          "id": 500,
          "main": "Rain",
          "description": "light rain",
          "icon": "10d"
        },
        {
          "id": 701,
          "main": "Mist",
          "description": "mist",
          "icon": "50d"
        }
      ],
      "rain": {
        "1h": 0.94,
        "3h": 5.85
      }
    }
  ]
}