{
  "lat": 42.1571,
  "lon": -71.1586,
  "timezone": "America/New_York",
  "timezone_offset": -14400,
  "data": [
    {
      "dt": 1535746500,
      "sunrise": 1535710151,
      "sunset": 1535757669,
      "temp": 296.25,
      "feels_like": 296.1,
      "pressure": 1027,
      "humidity": 57,
      "dew_point": 287.27,
      "clouds": 20,
      "visibility": 10000,
      "wind_speed": 5.14,
      "wind_deg": 50,
      "wind_gust": 8.23,
      "weather": [
        {
          "id": 801,
          "main": "Clouds",
          "description": "few clouds",
          "icon": "02d"
        }
      ]
    }
  ]
}