{
  "lat": 42.1571,
  "lon": -71.1586,
  "timezone": "America/New_York",
  "timezone_offset": -14400,
  "data": [
    {
      "dt": 1525544100,
      "sunrise": 1525512900,
      "sunset": 1525564053,
      "temp": 296,
      "feels_like": 295.15,
      "pressure": 1016,
      "humidity": 31,
      "dew_point": 278,
      "clouds": 0,
      "visibility": 10000,
      "wind_speed": 6.2,
      "wind_deg": 260,
      "weather": [
        {
          "id": 800,
          "main": "Clear",
          "description": "clear sky",
          "icon": "01d"
        }
      ]
    }
  ]
}