{
  "lat": 42.1571,
  "lon": -71.1586,
  "timezone": "America/New_York",
  "timezone_offset": -14400,
  "data": [
    {
      "dt": 1522258200,
      "sunrise": 1522233239,
      "sunset": 1522278308,
      "temp": 286.04,
      "feels_like": 284.53,
      "pressure": 1015,
      "humidity": 44,
      "dew_point": 274.09,
      "clouds": 0,
      "visibility": 10000,
      "wind_speed": 3.1,
      "wind_deg": 300,
      "weather": [
        {
          "id": 800,
          "main": "Clear",
          "description": "clear sky",
          "icon": "01d"
        }
      ]
    }
  ]
}