{
  "lat": 42.1571,
  "lon": -71.1586,
  "timezone": "America/New_York",
  "timezone_offset": -18000,
  "data": [
    {
      "dt": 1542840300,
      "sunrise": 1542800544,
      "sunset": 1542835139,
      "temp": 276.25,
      "feels_like": 270.29,
      "pressure": 1013,
      "humidity": 74,
      "dew_point": 272.2,
      "clouds": 100,
      "visibility": 10000,
      "wind_speed": 9.77,
      "wind_deg": 290,
      "wind_gust": 13.89,
      "weather": [
        {
          "id": 804,
          "main": "Clouds",
          "description": "overcast clouds",
          "icon": "04n"
        }
      ]
    }
  ]
}