{
  "lat": 42.1571,
  "lon": -71.1586,
  "timezone": "America/New_York",
  "timezone_offset": -18000,
  "data": [
    {
      "dt": 1517936400,
      "sunrise": 1517917942,
      "sunset": 1517954707,
      "temp": 271.25,
      "feels_like": 267.27,
      "pressure": 1029,
      "humidity": 63,
      "dew_point": 265.83,
      "clouds": 75,
      "visibility": 10000,
      "wind_speed": 3.1,
      "wind_deg": 230,
      "weather": [
        {
          "id": 803,
          "main": "Clouds",
          "description": "broken clouds",
          "icon": "04d"
        }
      ]
    }
  ]
}