{
  "lat": 42.1571,
  "lon": -71.1586,
  "timezone": "America/New_York",
  "timezone_offset": -18000,
  "data": [
    {
      "dt": 1517435100,
      "sunrise": 1517399928,
      "sunset": 1517435835,
      "temp": 272.05,
      "feels_like": 267.09,
      "pressure": 1019,
      "humidity": 36,
      "dew_point": 260.28,
      "clouds": 0,
      "visibility": 10000,
      "wind_speed": 4.63,
      "wind_deg": 180,
      "weather": [
        {
          "id": 800,
          "main": "Clear",
          "description": "clear sky",
          "icon": "01d"
        }
      ]
    }
  ]
}