{
  "lat": 42.1571,
  "lon": -71.1586,
  "timezone": "America/New_York",
  "timezone_offset": -14400,
  "data": [
    {
      "dt": 1525713300,
      "sunrise": 1525685554,
      "sunset": 1525736986,
      "temp": 289.47,
      "feels_like": 288.72,
      "pressure": 1019,
      "humidity": 60,
      "dew_point": 281.7,
      "clouds": 0,
      "visibility": 10000,
      "wind_speed": 5.7,
      "wind_deg": 60,
      "wind_gust": 8.8,
      "weather": [
        {
          "id": 800,
          "main": "Clear",
          "description": "clear sky",
          "icon": "01d"
        }
      ]
    }
  ]
}