{
  "lat": 42.1571,
  "lon": -71.1586,
  "timezone": "America/New_York",
  "timezone_offset": -14400,
  "data": [
    {
      "dt": 1526061600,
      "sunrise": 1526030879,
      "sunset": 1526082846,
      "temp": 294.14,
      "feels_like": 292.97,
      "pressure": 1015,
      "humidity": 26,
      "dew_point": 273.93,
      "clouds": 0,
      "visibility": 10000,
      "wind_speed": 4.12,
      "wind_deg": 320,
      "wind_gust": 7.2,
      "weather": [
        {
          "id": 800,
          "main": "Clear",
          "description": "clear sky",
          "icon": "01d"
        }
      ]
    }
  ]
}