{
  "lat": 42.1571,
  "lon": -71.1586,
  "timezone": "America/New_York",
  "timezone_offset": -14400,
  "data": [
    {
      "dt": 1522093500,
      "sunrise": 1522060648,
      "sunset": 1522105375,
      "temp": 278.12,
      "feels_like": 274.38,
      "pressure": 1040,
      "humidity": 41,
      "dew_point": 266.78,
      "clouds": 0,
      "visibility": 10000,
      "wind_speed": 5.14,
      "wind_deg": 60,
      "wind_gust": 9.26,
      "weather": [
        {
          "id": 800,
          "main": "Clear",
          "description": "clear sky",
          "icon": "01d"
        }
      ]
    }
  ]
}