{
  "lat": 42.1571,
  "lon": -71.1586,
  "timezone": "America/New_York",
  "timezone_offset": -14400,
  "data": [
    {
      "dt": 1533740400,
      "sunrise": 1533721494,
      "sunset": 1533772542,
      "temp": 304.15,
      "feels_like": 307.75,
      "pressure": 1012,
      "humidity": 59,
      "dew_point": 295.2,
      "clouds": 0,
      "visibility": 10000,
      "wind_speed": 2.6,
      "wind_deg": 210,
      "weather": [
        {
          "id": 800,
          "main": "Clear",
          "description": "clear sky",
          "icon": "01d"
        }
      ]
    }
  ]
}