{
  "lat": 42.1571,
  "lon": -71.1586,
  "timezone": "America/New_York",
  "timezone_offset": -14400,
  "data": [
    {
      "dt": 1528046100,
      "sunrise": 1528017023,
      "sunset": 1528071333,
      "temp": 290.2,
      "feels_like": 289.37,
      "pressure": 1019,
      "humidity": 54,
      "dew_point": 280.83,
      "clouds": 0,
      "visibility": 10000,
      "wind_speed": 6.2,
      "wind_deg": 80,
      "wind_gust": 8.8,
      "weather": [
        {
          "id": 800,
          "main": "Clear",
          "description": "clear sky",
          "icon": "01d"
        }
      ]
    }
  ]
}