{
  "lat": 42.1571,
  "lon": -71.1586,
  "timezone": "America/New_York",
  "timezone_offset": -14400,
  "data": [
    {
      "dt": 1537045200,
      "sunrise": 1537007083,
      "sunset": 1537052112,
      "temp": 299.15,
      "feels_like": 299.15,
      "pressure": 1021,
      "humidity": 65,
      "dew_point": 292.06,
      "clouds": 40,
      "visibility": 10000,
      "wind_speed": 1.54,
      "wind_deg": 50,
      "weather": [
        {
          "id": 802,
          "main": "Clouds",
          "description": "scattered clouds",
          "icon": "03d"
        }
      ]
    }
  ]
}