{
  "lat": 42.1571,
  "lon": -71.1586,
  "timezone": "America/New_York",
  "timezone_offset": -14400,
  "data": [
    {
      "dt": 1541006100,
      "sunrise": 1540984575,
      "sunset": 1541022006,
      "temp": 285.19,
      "feels_like": 283.73,
      "pressure": 1018,
      "humidity": 49,
      "dew_point": 274.81,
      "clouds": 100,
      "visibility": 10000,
      "wind_speed": 3.6,
      "wind_deg": 150,
      "weather": [
        {
          "id": 804,
          "main": "Clouds",
          "description": "overcast clouds",
          "icon": "04d"
        }
      ]
    }
  ]
}