{
  "lat": 42.1571,
  "lon": -71.1586,
  "timezone": "America/New_York",
  "timezone_offset": -14400,
  "data": [
    {
      "dt": 1531683000,
      "sunrise": 1531646499,
      "sunset": 1531700348,
      "temp": 304.14,
      "feels_like": 307.49,
      "pressure": 1013,
      "humidity": 58,
      "dew_point": 294.91,
      "clouds": 0,
      "visibility": 10000,
      "wind_speed": 4.12,
      "wind_deg": 70,
      "weather": [
        {
          "id": 502,
          "main": "Rain",
          "description": "heavy intensity rain",
          "icon": "10d"
        }
      ],
      "rain": {
        "1h": 6.23
      }
    }
  ]
}