{
  "lat": 42.1571,
  "lon": -71.1586,
  "timezone": "America/New_York",
  "timezone_offset": -14400,
  "data": [
    {
      "dt": 1534887900,
      "sunrise": 1534845520,
      "sunset": 1534894634,
      "temp": 294.79,
      "feels_like": 294.92,
      "pressure": 1016,
      "humidity": 73,
      "dew_point": 289.74,
      "clouds": 75,
      "visibility": 10000,
      "wind_speed": 3.09,
      "wind_deg": 100,
      "weather": [
        {
          "id": 803,
          "main": "Clouds",
          "description": "broken clouds",
          "icon": "04d"
        }
      ]
    }
  ]
}