{
  "lat": 42.1571,
  "lon": -71.1586,
  "timezone": "America/New_York",
  "timezone_offset": -14400,
  "data": [
    {
      "dt": 1532465100,
      "sunrise": 1532424582,
      "sunset": 1532477536,
      "temp": 303.9,
      "feels_like": 307.24,
      "pressure": 1023,
      "humidity": 59,
      "dew_point": 294.96,
      "clouds": 20,
      "visibility": 10000,
      "wind_speed": 5.7,
      "wind_deg": 200,
      "wind_gust": 9.8,
      "weather": [
        {
          "id": 801,
          "main": "Clouds",
          "description": "few clouds",
          "icon": "02d"
        }
      ]
    }
  ]
}