{
  "lat": 42.1571,
  "lon": -71.1586,
  "timezone": "America/New_York",
  "timezone_offset": -14400,
  "data": [
    {
      "dt": 1528138800,
      "sunrise": 1528103399,
      "sunset": 1528157776,
      "temp": 286,
      "feels_like": 285.66,
      "pressure": 1008,
      "humidity": 89,
      "dew_point": 284.23,
      "clouds": 100,
      "visibility": 6437,
      "wind_speed": 7.2,
      "wind_deg": 60,
      "wind_gust": 11.3,
      "weather": [
        {
          "id": 701,
          "main": "Mist",
          "description": "mist",
          "icon": "50d"
        },
        {
          "id": 500,
          "main": "Rain",
          "description": "light rain",
          "icon": "10d"
        }
      ],
      "rain": {
        "1h": 0.2
      }
    }
  ]
}