{
  "lat": 42.1571,
  "lon": -71.1586,
  "timezone": "America/New_York",
  "timezone_offset": -14400,
  "data": [
    {
      "dt": 1521841500,
      "sunrise": 1521801762,
      "sunset": 1521845975,
      "temp": 278.66,
      "feels_like": 275.57,
      "pressure": 1013,
      "humidity": 42,
      "dew_point": 267.49,
      "clouds": 75,
      "visibility": 10000,
      "wind_speed": 4.12,
      "wind_deg": 60,
      "weather": [
        {
          "id": 803,
          "main": "Clouds",
          "description": "broken clouds",
          "icon": "04d"
        }
      ]
    }
  ]
}