{
  "lat": 42.1571,
  "lon": -71.1586,
  "timezone": "America/New_York",
  "timezone_offset": -18000,
  "data": [
    {
      "dt": 1544825700,
      "sunrise": 1544789134,
      "sunset": 1544821995,
      "temp": 279.44,
      "feels_like": 275.8,
      "pressure": 1029,
      "humidity": 76,
      "dew_point": 275.53,
      "clouds": 20,
      "visibility": 10000,
      "wind_speed": 5.7,
      "wind_deg": 180,
      "weather": [
        {
          "id": 801,
          "main": "Clouds",
          "description": "few clouds",
          "icon": "02n"
        }
      ]
    }
  ]
}