{
  "lat": 42.1571,
  "lon": -71.1586,
  "timezone": "America/New_York",
  "timezone_offset": -14400,
  "data": [
    {
      "dt": 1538067600,
      "sunrise": 1538044634,
      "sunset": 1538087635,
      "temp": 293.72,
      "feels_like": 293.03,
      "pressure": 1020,
      "humidity": 46,
      "dew_point": 281.71,
      "clouds": 20,
      "visibility": 10000,
      "wind_speed": 5.14,
      "wind_deg": 60,
      "wind_gust": 8.23,
      "weather": [
        {
          "id": 801,
          "main": "Clouds",
          "description": "few clouds",
          "icon": "02d"
        }
      ]
    }
  ]
}