{
  "lat": 42.1571,
  "lon": -71.1586,
  "timezone": "America/New_York",
  "timezone_offset": -14400,
  "data": [
    {
      "dt": 1522604700,
      "sunrise": 1522578424,
      "sunset": 1522624174,
      "temp": 287.82,
      "feels_like": 286.28,
      "pressure": 1012,
      "humidity": 36,
      "dew_point": 272.95,
      "clouds": 40,
      "visibility": 10000,
      "wind_speed": 5.7,
      "wind_deg": 250,
      "wind_gust": 10.3,
      "weather": [
        {
          "id": 802,
          "main": "Clouds",
          "description": "scattered clouds",
          "icon": "03d"
        }
      ]
    }
  ]
}