{
  "lat": 42.1571,
  "lon": -71.1586,
  "timezone": "America/New_York",
  "timezone_offset": -14400,
  "data": [
    {
      "dt": 1527875100,
      "sunrise": 1527844275,
      "sunset": 1527898443,
      "temp": 300.59,
      "feels_like": 302.98,
      "pressure": 1009,
      "humidity": 72,
      "dew_point": 295.09,
      "clouds": 75,
      "visibility": 10000,
      "wind_speed": 4.6,
      "wind_deg": 190,
      "weather": [
        {
          "id": 500,
          "main": "Rain",
          "description": "light rain",
          "icon": "10d"
        }
      ],
      "rain": {
        "1h": 0.63
      }
    }
  ]
}