{
  "lat": 42.1571,
  "lon": -71.1586,
  "timezone": "America/New_York",
  "timezone_offset": -14400,
  "data": [
    {
      "dt": 1522080900,
      "sunrise": 1522060648,
      "sunset": 1522105375,
      "temp": 277.89,
      "feels_like": 273.84,
      "pressure": 1041,
      "humidity": 42,
      "dew_point": 266.87,
      "clouds": 0,
      "visibility": 10000,
      "wind_speed": 5.7,
      "wind_deg": 40,
      "wind_gust": 10.8,
      "weather": [
        {
          "id": 800,
          "main": "Clear",
          "description": "clear sky",
          "icon": "01d"
        }
      ]
    }
  ]
}