{
  "lat": 42.1571,
  "lon": -71.1586,
  "timezone": "America/New_York",
  "timezone_offset": -14400,
  "data": [
    {
      "dt": 1527371100,
      "sunrise": 1527326080,
      "sunset": 1527379743,
      "temp": 304.15,
      "feels_like": 303.18,
      "pressure": 1008,
      "humidity": 33,
      "dew_point": 286,
      "clouds": 0,
      "visibility": 10000,
      "wind_speed": 4.63,
      "wind_deg": 280,
      "weather": [
        {
          "id": 800,
          "main": "Clear",
          "description": "clear sky",
          "icon": "01d"
        }
      ]
    }
  ]
}