{
  "lat": 42.1571,
  "lon": -71.1586,
  "timezone": "America/New_York",
  "timezone_offset": -18000,
  "data": [
    {
      "dt": 1515518100,
      "sunrise": 1515499954,
      "sunset": 1515533434,
      "temp": 279.18,
      "feels_like": 275.09,
      "pressure": 1016,
      "humidity": 41,
      "dew_point": 267.63,
      "clouds": 0,
      "visibility": 10000,
      "wind_speed": 6.7,
      "wind_deg": 290,
      "wind_gust": 10.8,
      "weather": [
        {
          "id": 800,
          "main": "Clear",
          "description": "clear sky",
          "icon": "01d"
        }
      ]
    }
  ]
}