{
  "lat": 42.1571,
  "lon": -71.1586,
  "timezone": "America/New_York",
  "timezone_offset": -14400,
  "data": [
    {
      "dt": 1531340100,
      "sunrise": 1531300710,
      "sunset": 1531354881,
      "temp": 298.91,
      "feels_like": 298.72,
      "pressure": 1015,
      "humidity": 45,
      "dew_point": 286.09,
      "clouds": 0,
      "visibility": 10000,
      "wind_speed": 5.7,
      "wind_deg": 60,
      "wind_gust": 8.8,
      "weather": [
        {
          "id": 800,
          "main": "Clear",
          "description": "clear sky",
          "icon": "01d"
        }
      ]
    }
  ]
}