{
  "lat": 42.1571,
  "lon": -71.1586,
  "timezone": "America/New_York",
  "timezone_offset": -14400,
  "data": [
    {
      "dt": 1536875100,
      "sunrise": 1536834159,
      "sunset": 1536879524,
      "temp": 295.2,
      "feels_like": 295.5,
      "pressure": 1025,
      "humidity": 78,
      "dew_point": 291.19,
      "clouds": 0,
      "visibility": 10000,
      "wind_speed": 3.1,
      "wind_deg": 50,
      "weather": [
        {
          "id": 500,
          "main": "Rain",
          "description": "light rain",
          "icon": "10d"
        }
      ],
      "rain": {
        "1h": 0.17
      }
    }
  ]
}