{
  "lat": 42.1571,
  "lon": -71.1586,
  "timezone": "America/New_York",
  "timezone_offset": -18000,
  "data": [
    {
      "dt": 1514838600,
      "sunrise": 1514808791,
      "sunset": 1514841779,
      "temp": 262.28,
      "feels_like": 255.28,
      "pressure": 1023,
      "humidity": 36,
      "dew_point": 251.33,
      "clouds": 0,
      "visibility": 10000,
      "wind_speed": 8.8,
      "wind_deg": 310,
      "wind_gust": 11.3,
      "weather": [
        {
          "id": 800,
          "main": "Clear",
          "description": "clear sky",
          "icon": "01d"
        }
      ]
    }
  ]
}