{
  "lat": 42.1571,
  "lon": -71.1586,
  "timezone": "America/New_York",
  "timezone_offset": -14400,
  "data": [
    {
      "dt": 1538946000,
      "sunrise": 1538909282,
      "sunset": 1538950595,
      "temp": 293.53,
      "feels_like": 294.03,
      "pressure": 1022,
      "humidity": 92,
      "dew_point": 292.19,
      "clouds": 100,
      "visibility": 8046,
      "wind_speed": 4.63,
      "wind_deg": 50,
      "weather": [
        {
          "id": 701,
          "main": "Mist",
          "description": "mist",
          "icon": "50d"
        },
        {
          "id": 500,
          "main": "Rain",
          "description": "light rain",
          "icon": "10d"
        }
      ]
    }
  ]
}