{
  "lat": 42.1571,
  "lon": -71.1586,
  "timezone": "America/New_York",
  "timezone_offset": -14400,
  "data": [
    {
      "dt": 1526502600,
      "sunrise": 1526462570,
      "sunset": 1526515162,
      "temp": 287.29,
      "feels_like": 286.51,
      "pressure": 1021,
      "humidity": 67,
      "dew_point": 281.26,
      "clouds": 0,
      "visibility": 10000,
      "wind_speed": 2.6,
      "wind_deg": 70,
      "weather": [
        {
          "id": 500,
          "main": "Rain",
          "description": "light rain",
          "icon": "10d"
        }
      ],
      "rain": {
        "1h": 0.14
      }
    }
  ]
}