{
  "lat": 42.1571,
  "lon": -71.1586,
  "timezone": "America/New_York",
  "timezone_offset": -14400,
  "data": [
    {
      "dt": 1523894400,
      "sunrise": 1523872928,
      "sunset": 1523921175,
      "temp": 280.2,
      "feels_like": 275.38,
      "pressure": 1014,
      "humidity": 91,
      "dew_point": 278.83,
      "clouds": 100,
      "visibility": 804,
      "wind_speed": 10.3,
      "wind_deg": 60,
      "wind_gust": 16,
      "weather": [
        {
          "id": 501,
          "main": "Rain",
          "description": "moderate rain",
          "icon": "10d"
        },
        {
          "id": 701,
          "main": "Mist",
          "description": "mist",
          "icon": "50d"
        }
      ],
      "rain": {
        "1h": 2.8
      }
    }
  ]
}