{
  "lat": 42.1571,
  "lon": -71.1586,
  "timezone": "America/New_York",
  "timezone_offset": -14400,
  "data": [
    {
      "dt": 1521908100,
      "sunrise": 1521888057,
      "sunset": 1521932441,
      "temp": 280.57,
      "feels_like": 278.5,
      "pressure": 1017,
      "humidity": 34,
      "dew_point": 266.57,
      "clouds": 75,
      "visibility": 10000,
      "wind_speed": 3.1,
      "wind_deg": 0,
      "weather": [
        {
          "id": 803,
          "main": "Clouds",
          "description": "broken clouds",
          "icon": "04d"
        }
      ]
    }
  ]
}