{
  "lat": 42.1571,
  "lon": -71.1586,
  "timezone": "America/New_York",
  "timezone_offset": -18000,
  "data": [
    {
      "dt": 1544304600,
      "sunrise": 1544270440,
      "sunset": 1544303566,
      "temp": 271.24,
      "feels_like": 266.08,
      "pressure": 1030,
      "humidity": 31,
      "dew_point": 257.91,
      "clouds": 0,
      "visibility": 10000,
      "wind_speed": 4.63,
      "wind_deg": 310,
      "weather": [
        {
          "id": 800,
          "main": "Clear",
          "description": "clear sky",
          "icon": "01n"
        }
      ]
    }
  ]
}