{
  "lat": 42.1571,
  "lon": -71.1586,
  "timezone": "America/New_York",
  "timezone_offset": -18000,
  "data": [
    {
      "dt": 1544038200,
      "sunrise": 1544011071,
      "sunset": 1544044384,
      "temp": 276,
      "feels_like": 272.99,
      "pressure": 1017,
      "humidity": 36,
      "dew_point": 263.58,
      "clouds": 100,
      "visibility": 10000,
      "wind_speed": 3.1,
      "wind_deg": 290,
      "weather": [
        {
          "id": 804,
          "main": "Clouds",
          "description": "overcast clouds",
          "icon": "04d"
        }
      ]
    }
  ]
}