{
  "lat": 42.1571,
  "lon": -71.1586,
  "timezone": "America/New_York",
  "timezone_offset": -14400,
  "data": [
    {
      "dt": 1535998500,
      "sunrise": 1535969538,
      "sunset": 1536016566,
      "temp": 307.05,
      "feels_like": 312.72,
      "pressure": 1021,
      "humidity": 54,
      "dew_point": 296.43,
      "clouds": 0,
      "visibility": 10000,
      "wind_speed": 6.7,
      "wind_deg": 260,
      "wind_gust": 8.8,
      "weather": [
        {
          "id": 800,
          "main": "Clear",
          "description": "clear sky",
          "icon": "01d"
        }
      ]
    }
  ]
}