{
  "lat": 42.1571,
  "lon": -71.1586,
  "timezone": "America/New_York",
  "timezone_offset": -18000,
  "data": [
    {
      "dt": 1541536200,
      "sunrise": 1541503425,
      "sunset": 1541539967,
      "temp": 288.61,
      "feels_like": 288.61,
      "pressure": 1008,
      "humidity": 92,
      "dew_point": 287.32,
      "clouds": 100,
      "visibility": 3218,
      "wind_speed": 7.72,
      "wind_deg": 190,
      "weather": [
        {
          "id": 502,
          "main": "Rain",
          "description": "heavy intensity rain",
          "icon": "10d"
        },
        {
          "id": 701,
          "main": "Mist",
          "description": "mist",
          "icon": "50d"
        }
      ],
      "rain": {
        "1h": 7.1,
        "3h": 12.2
      }
    }
  ]
}