{
  "lat": 42.1571,
  "lon": -71.1586,
  "timezone": "America/New_York",
  "timezone_offset": -14400,
  "data": [
    {
      "dt": 1531773000,
      "sunrise": 1531732949,
      "sunset": 1531786710,
      "temp": 301.01,
      "feels_like": 305.2,
      "pressure": 1013,
      "humidity": 82,
      "dew_point": 297.65,
      "clouds": 75,
      "visibility": 10000,
      "wind_speed": 3.6,
      "wind_deg": 120,
      "weather": [
        {
          "id": 501,
          "main": "Rain",
          "description": "moderate rain",
          "icon": "10d"
        }
      ],
      "rain": {
        "1h": 1.7
      }
    }
  ]
}