{
  "lat": 42.1571,
  "lon": -71.1586,
  "timezone": "America/New_York",
  "timezone_offset": -18000,
  "data": [
    {
      "dt": 1544286600,
      "sunrise": 1544270440,
      "sunset": 1544303566,
      "temp": 271,
      "feels_like": 264.87,
      "pressure": 1030,
      "humidity": 33,
      "dew_point": 258.37,
      "clouds": 0,
      "visibility": 10000,
      "wind_speed": 6.2,
      "wind_deg": 290,
      "weather": [
        {
          "id": 800,
          "main": "Clear",
          "description": "clear sky",
          "icon": "01d"
        }
      ]
    }
  ]
}