{
  "lat": 42.1571,
  "lon": -71.1586,
  "timezone": "America/New_York",
  "timezone_offset": -14400,
  "data": [
    {
      "dt": 1527616800,
      "sunrise": 1527585168,
      "sunset": 1527639098,
      "temp": 304.96,
      "feels_like": 305.7,
      "pressure": 1014,
      "humidity": 43,
      "dew_point": 290.84,
      "clouds": 20,
      "visibility": 10000,
      "wind_speed": 3.09,
      "wind_deg": 0,
      "weather": [
        {
          "id": 801,
          "main": "Clouds",
          "description": "few clouds",
          "icon": "02d"
        }
      ]
    }
  ]
}