{
  "lat": 42.1571,
  "lon": -71.1586,
  "timezone": "America/New_York",
  "timezone_offset": -18000,
  "data": [
    {
      "dt": 1515617100,
      "sunrise": 1515586339,
      "sunset": 1515619897,
      "temp": 276,
      "feels_like": 270.45,
      "pressure": 1030,
      "humidity": 49,
      "dew_point": 267.11,
      "clouds": 0,
      "visibility": 10000,
      "wind_speed": 8.23,
      "wind_deg": 190,
      "wind_gust": 10.8,
      "weather": [
        {
          "id": 800,
          "main": "Clear",
          "description": "clear sky",
          "icon": "01d"
        }
      ]
    }
  ]
}