{
  "lat": 42.1571,
  "lon": -71.1586,
  "timezone": "America/New_York",
  "timezone_offset": -14400,
  "data": [
    {
      "dt": 1533846600,
      "sunrise": 1533807957,
      "sunset": 1533858864,
      "temp": 304.15,
      "feels_like": 307.51,
      "pressure": 1006,
      "humidity": 58,
      "dew_point": 294.92,
      "clouds": 20,
      "visibility": 10000,
      "wind_speed": 3.6,
      "wind_deg": 260,
      "weather": [
        {
          "id": 500,
          "main": "Rain",
          "description": "light rain",
          "icon": "10d"
        }
      ],
      "rain": {
        "1h": 0.69
      }
    }
  ]
}