{
  "lat": 42.1571,
  "lon": -71.1586,
  "timezone": "America/New_York",
  "timezone_offset": -18000,
  "data": [
    {
      "dt": 1520453700,
      "sunrise": 1520421013,
      "sunset": 1520462482,
      "temp": 276.4,
      "feels_like": 271.74,
      "pressure": 1007,
      "humidity": 86,
      "dew_point": 274.29,
      "clouds": 100,
      "visibility": 6437,
      "wind_speed": 6.2,
      "wind_deg": 60,
      "wind_gust": 11.3,
      "weather": [
        {
          "id": 501,
          "main": "Rain",
          "description": "moderate rain",
          "icon": "10d"
        },
        {
          "id": 701,
          "main": "Mist",
          "description": "mist",
          "icon": "50d"
        }
      ],
      "rain": {
        "1h": 1.8
      }
    }
  ]
}