{
  "lat": 42.1571,
  "lon": -71.1586,
  "timezone": "America/New_York",
  "timezone_offset": -14400,
  "data": [
    {
      "dt": 1529083800,
      "sunrise": 1529053679,
      "sunset": 1529108543,
      "temp": 294.09,
      "feels_like": 293.78,
      "pressure": 1013,
      "humidity": 59,
      "dew_point": 285.78,
      "clouds": 75,
      "visibility": 10000,
      "wind_speed": 2.1,
      "wind_deg": 0,
      "weather": [
        {
          "id": 803,
          "main": "Clouds",
          "description": "broken clouds",
          "icon": "04d"
        }
      ]
    }
  ]
}