{
  "lat": 42.1571,
  "lon": -71.1586,
  "timezone": "America/New_York",
  "timezone_offset": -14400,
  "data": [
    {
      "dt": 1528922700,
      "sunrise": 1528880882,
      "sunset": 1528935692,
      "temp": 295.2,
      "feels_like": 295.65,
      "pressure": 1009,
      "humidity": 84,
      "dew_point": 292.37,
      "clouds": 100,
      "visibility": 10000,
      "wind_speed": 6.7,
      "wind_deg": 190,
      "wind_gust": 8.8,
      "weather": [
        {
          "id": 500,
          "main": "Rain",
          "description": "light rain",
          "icon": "10d"
        }
      ],
      "rain": {
        "1h": 0.34
      }
    }
  ]
}