{
  "lat": 42.1571,
  "lon": -71.1586,
  "timezone": "America/New_York",
  "timezone_offset": -18000,
  "data": [
    {
      "dt": 1517855400,
      "sunrise": 1517831610,
      "sunset": 1517868228,
      "temp": 276.25,
      "feels_like": 270.43,
      "pressure": 1012,
      "humidity": 48,
      "dew_point": 267.08,
      "clouds": 0,
      "visibility": 10000,
      "wind_speed": 9.3,
      "wind_deg": 280,
      "wind_gust": 13.9,
      "weather": [
        {
          "id": 800,
          "main": "Clear",
          "description": "clear sky",
          "icon": "01d"
        }
      ]
    }
  ]
}