{
  "lat": 42.1571,
  "lon": -71.1586,
  "timezone": "America/New_York",
  "timezone_offset": -14400,
  "data": [
    {
      "dt": 1528569000,
      "sunrise": 1528535314,
      "sunset": 1528589968,
      "temp": 301,
      "feels_like": 300.09,
      "pressure": 1017,
      "humidity": 29,
      "dew_point": 281.35,
      "clouds": 20,
      "visibility": 10000,
      "wind_speed": 5.14,
      "wind_deg": 270,
      "wind_gust": 8.75,
      "weather": [
        {
          "id": 801,
          "main": "Clouds",
          "description": "few clouds",
          "icon": "02d"
        }
      ]
    }
  ]
}