{
  "lat": 42.1571,
  "lon": -71.1586,
  "timezone": "America/New_York",
  "timezone_offset": -18000,
  "data": [
    {
      "dt": 1517868900,
      "sunrise": 1517831610,
      "sunset": 1517868228,
      "temp": 273.91,
      "feels_like": 268.57,
      "pressure": 1018,
      "humidity": 35,
      "dew_point": 261.59,
      "clouds": 0,
      "visibility": 10000,
      "wind_speed": 6.2,
      "wind_deg": 290,
      "wind_gust": 9.8,
      "weather": [
        {
          "id": 800,
          "main": "Clear",
          "description": "clear sky",
          "icon": "01n"
        }
      ]
    }
  ]
}