{
  "lat": 42.1571,
  "lon": -71.1586,
  "timezone": "America/New_York",
  "timezone_offset": -18000,
  "data": [
    {
      "dt": 1515688200,
      "sunrise": 1515672722,
      "sunset": 1515706362,
      "temp": 283.91,
      "feels_like": 283.08,
      "pressure": 1028,
      "humidity": 78,
      "dew_point": 280.23,
      "clouds": 75,
      "visibility": 10000,
      "wind_speed": 9.3,
      "wind_deg": 220,
      "wind_gust": 12.9,
      "weather": [
        {
          "id": 803,
          "main": "Clouds",
          "description": "broken clouds",
          "icon": "04d"
        }
      ]
    }
  ]
}