{
  "lat": 42.1571,
  "lon": -71.1586,
  "timezone": "America/New_York",
  "timezone_offset": -14400,
  "data": [
    {
      "dt": 1536258600,
      "sunrise": 1536228925,
      "sunset": 1536275458,
      "temp": 308.1,
      "feels_like": 313.71,
      "pressure": 1016,
      "humidity": 50,
      "dew_point": 296.12,
      "clouds": 75,
      "visibility": 10000,
      "wind_speed": 4.12,
      "wind_deg": 250,
      "weather": [
        {
          "id": 803,
          "main": "Clouds",
          "description": "broken clouds",
          "icon": "04d"
        }
      ]
    }
  ]
}