{
  "lat": 42.1571,
  "lon": -71.1586,
  "timezone": "America/New_York",
  "timezone_offset": -18000,
  "data": [
    {
      "dt": 1519763400,
      "sunrise": 1519730594,
      "sunset": 1519770709,
      "temp": 284.18,
      "feels_like": 281.97,
      "pressure": 1023,
      "humidity": 24,
      "dew_point": 265.36,
      "clouds": 0,
      "visibility": 10000,
      "wind_speed": 5.7,
      "wind_deg": 240,
      "wind_gust": 7.7,
      "weather": [
        {
          "id": 800,
          "main": "Clear",
          "description": "clear sky",
          "icon": "01d"
        }
      ]
    }
  ]
}