{
  "lat": 42.1571,
  "lon": -71.1586,
  "timezone": "America/New_York",
  "timezone_offset": -18000,
  "data": [
    {
      "dt": 1517848200,
      "sunrise": 1517831610,
      "sunset": 1517868228,
      "temp": 277.3,
      "feels_like": 271.67,
      "pressure": 1010,
      "humidity": 59,
      "dew_point": 270.37,
      "clouds": 75,
      "visibility": 10000,
      "wind_speed": 9.8,
      "wind_deg": 300,
      "wind_gust": 21.1,
      "weather": [
        {
          "id": 803,
          "main": "Clouds",
          "description": "broken clouds",
          "icon": "04d"
        }
      ]
    }
  ]
}