{
  "lat": 42.1571,
  "lon": -71.1586,
  "timezone": "America/New_York",
  "timezone_offset": -14400,
  "data": [
    {
      "dt": 1521152100,
      "sunrise": 1521111396,
      "sunset": 1521154235,
      "temp": 278.07,
      "feels_like": 274.57,
      "pressure": 996,
      "humidity": 45,
      "dew_point": 267.82,
      "clouds": 100,
      "visibility": 10000,
      "wind_speed": 4.63,
      "wind_deg": 280,
      "weather": [
        {
          "id": 804,
          "main": "Clouds",
          "description": "overcast clouds",
          "icon": "04d"
        }
      ]
    }
  ]
}