{
  "lat": 42.1571,
  "lon": -71.1586,
  "timezone": "America/New_York",
  "timezone_offset": -14400,
  "data": [
    {
      "dt": 1530210600,
      "sunrise": 1530177048,
      "sunset": 1530231886,
      "temp": 296.25,
      "feels_like": 296.94,
      "pressure": 1009,
      "humidity": 89,
      "dew_point": 294.34,
      "clouds": 100,
      "visibility": 10000,
      "wind_speed": 5.7,
      "wind_deg": 180,
      "wind_gust": 10.3,
      "weather": [
        {
          "id": 501,
          "main": "Rain",
          "description": "moderate rain",
          "icon": "10d"
        }
      ],
      "rain": {
        "1h": 1.2
      }
    }
  ]
}