{
  "lat": 42.1571,
  "lon": -71.1586,
  "timezone": "America/New_York",
  "timezone_offset": -14400,
  "data": [
    {
      "dt": 1524690000,
      "sunrise": 1524649708,
      "sunset": 1524699382,
      "temp": 288.1,
      "feels_like": 288.11,
      "pressure": 1009,
      "humidity": 94,
      "dew_point": 287.14,
      "clouds": 100,
      "visibility": 402,
      "wind_speed": 7.2,
      "wind_deg": 110,
      "wind_gust": 11.8,
      "weather": [
        {
          "id": 502,
          "main": "Rain",
          "description": "heavy intensity rain",
          "icon": "10d"
        },
        {
          "id": 701,
          "main": "Mist",
          "description": "mist",
          "icon": "50d"
        }
      ],
      "rain": {
        "1h": 5.55,
        "3h": 7.5
      }
    }
  ]
}