{
  "lat": 42.1571,
  "lon": -71.1586,
  "timezone": "America/New_York",
  "timezone_offset": -14400,
  "data": [
    {
      "dt": 1540848600,
      "sunrise": 1540811626,
      "sunset": 1540849364,
      "temp": 285.19,
      "feels_like": 284.28,
      "pressure": 1008,
      "humidity": 70,
      "dew_point": 279.89,
      "clouds": 100,
      "visibility": 10000,
      "wind_speed": 7.72,
      "wind_deg": 290,
      "wind_gust": 11.83,
      "weather": [
        {
          "id": 804,
          "main": "Clouds",
          "description": "overcast clouds",
          "icon": "04d"
        }
      ]
    }
  ]
}