{
  "lat": 42.1571,
  "lon": -71.1586,
  "timezone": "America/New_York",
  "timezone_offset": -14400,
  "data": [
    {
      "dt": 1537630200,
      "sunrise": 1537612319,
      "sunset": 1537656166,
      "temp": 294.84,
      "feels_like": 294.42,
      "pressure": 1018,
      "humidity": 52,
      "dew_point": 284.57,
      "clouds": 0,
      "visibility": 10000,
      "wind_speed": 5.14,
      "wind_deg": 340,
      "weather": [
        {
          "id": 800,
          "main": "Clear",
          "description": "clear sky",
          "icon": "01d"
        }
      ]
    }
  ]
}