{
  "lat": 42.1571,
  "lon": -71.1586,
  "timezone": "America/New_York",
  "timezone_offset": -14400,
  "data": [
    {
      "dt": 1538856900,
      "sunrise": 1538822816,
      "sunset": 1538864297,
      "temp": 291.15,
      "feels_like": 290.55,
      "pressure": 1022,
      "humidity": 59,
      "dew_point": 283.03,
      "clouds": 75,
      "visibility": 10000,
      "wind_speed": 3.1,
      "wind_deg": 170,
      "weather": [
        {
          "id": 803,
          "main": "Clouds",
          "description": "broken clouds",
          "icon": "04d"
        }
      ]
    }
  ]
}