{
  "lat": 42.1571,
  "lon": -71.1586,
  "timezone": "America/New_York",
  "timezone_offset": -14400,
  "data": [
    {
      "dt": 1529682300,
      "sunrise": 1529658530,
      "sunset": 1529713462,
      "temp": 297.29,
      "feels_like": 297.22,
      "pressure": 1018,
      "humidity": 56,
      "dew_point": 287.97,
      "clouds": 20,
      "visibility": 10000,
      "wind_speed": 3.6,
      "wind_deg": 30,
      "weather": [
        {
          "id": 801,
          "main": "Clouds",
          "description": "few clouds",
          "icon": "02d"
        }
      ]
    }
  ]
}