{
  "lat": 42.1571,
  "lon": -71.1586,
  "timezone": "America/New_York",
  "timezone_offset": -18000,
  "data": [
    {
      "dt": 1546117200,
      "sunrise": 1546085563,
      "sunset": 1546118424,
      "temp": 280.16,
      "feels_like": 275.03,
      "pressure": 1013,
      "humidity": 58,
      "dew_point": 272.55,
      "clouds": 20,
      "visibility": 10000,
      "wind_speed": 11.62,
      "wind_deg": 305,
      "wind_gust": 16.54,
      "weather": [
        {
          "id": 801,
          "main": "Clouds",
          "description": "few clouds",
          "icon": "02d"
        }
      ]
    }
  ]
}