{
  "lat": 42.1571,
  "lon": -71.1586,
  "timezone": "America/New_York",
  "timezone_offset": -18000,
  "data": [
    {
      "dt": 1542924000,
      "sunrise": 1542887016,
      "sunset": 1542921500,
      "temp": 266.24,
      "feels_like": 259.24,
      "pressure": 1029,
      "humidity": 37,
      "dew_point": 255.25,
      "clouds": 0,
      "visibility": 10000,
      "wind_speed": 6.2,
      "wind_deg": 310,
      "wind_gust": 12.4,
      "weather": [
        {
          "id": 800,
          "main": "Clear",
          "description": "clear sky",
          "icon": "01n"
        }
      ]
    }
  ]
}