{
  "lat": 42.1571,
  "lon": -71.1586,
  "timezone": "America/New_York",
  "timezone_offset": -18000,
  "data": [
    {
      "dt": 1518287400,
      "sunrise": 1518263252,
      "sunset": 1518300620,
      "temp": 286,
      "feels_like": 285.22,
      "pressure": 1023,
      "humidity": 72,
      "dew_point": 281.08,
      "clouds": 100,
      "visibility": 10000,
      "wind_speed": 6.7,
      "wind_deg": 180,
      "weather": [
        {
          "id": 804,
          "main": "Clouds",
          "description": "overcast clouds",
          "icon": "04d"
        }
      ]
    }
  ]
}