{
  "lat": 42.1571,
  "lon": -71.1586,
  "timezone": "America/New_York",
  "timezone_offset": -14400,
  "data": [
    {
      "dt": 1522446300,
      "sunrise": 1522405831,
      "sunset": 1522451241,
      "temp": 286.76,
      "feels_like": 286.16,
      "pressure": 1006,
      "humidity": 76,
      "dew_point": 282.61,
      "clouds": 100,
      "visibility": 10000,
      "wind_speed": 3.6,
      "wind_deg": 310,
      "weather": [
        {
          "id": 804,
          "main": "Clouds",
          "description": "overcast clouds",
          "icon": "04d"
        }
      ]
    }
  ]
}