{
  "lat": 42.1571,
  "lon": -71.1586,
  "timezone": "America/New_York",
  "timezone_offset": -14400,
  "data": [
    {
      "dt": 1521576900,
      "sunrise": 1521542876,
      "sunset": 1521586573,
      "temp": 277.45,
      "feels_like": 277.45,
      "pressure": 1013,
      "humidity": 24,
      "dew_point": 260.2,
      "clouds": 0,
      "visibility": 10000,
      "wind_speed": 0,
      "wind_deg": 0,
      "weather": [
        {
          "id": 800,
          "main": "Clear",
          "description": "clear sky",
          "icon": "01d"
        }
      ]
    }
  ]
}