{
  "lat": 42.1571,
  "lon": -71.1586,
  "timezone": "America/New_York",
  "timezone_offset": -18000,
  "data": [
    {
      "dt": 1543617900,
      "sunrise": 1543578763,
      "sunset": 1543612460,
      "temp": 278.09,
      "feels_like": 275.51,
      "pressure": 1017,
      "humidity": 60,
      "dew_point": 271.23,
      "clouds": 100,
      "visibility": 10000,
      "wind_speed": 3.1,
      "wind_deg": 290,
      "weather": [
        {
          "id": 804,
          "main": "Clouds",
          "description": "overcast clouds",
          "icon": "04n"
        }
      ]
    }
  ]
}