{
  "lat": 42.1571,
  "lon": -71.1586,
  "timezone": "America/New_York",
  "timezone_offset": -14400,
  "data": [
    {
      "dt": 1532108700,
      "sunrise": 1532078759,
      "sunset": 1532132137,
      "temp": 303.1,
      "feels_like": 302.56,
      "pressure": 1021,
      "humidity": 38,
      "dew_point": 287.25,
      "clouds": 0,
      "visibility": 10000,
      "wind_speed": 6.2,
      "wind_deg": 80,
      "wind_gust": 8.2,
      "weather": [
        {
          "id": 800,
          "main": "Clear",
          "description": "clear sky",
          "icon": "01d"
        }
      ]
    }
  ]
}