{
  "lat": 42.1571,
  "lon": -71.1586,
  "timezone": "America/New_York",
  "timezone_offset": -18000,
  "data": [
    {
      "dt": 1543602600,
      "sunrise": 1543578763,
      "sunset": 1543612460,
      "temp": 278.9,
      "feels_like": 277.29,
      "pressure": 1016,
      "humidity": 54,
      "dew_point": 270.65,
      "clouds": 100,
      "visibility": 10000,
      "wind_speed": 2.1,
      "wind_deg": 250,
      "weather": [
        {
          "id": 804,
          "main": "Clouds",
          "description": "overcast clouds",
          "icon": "04d"
        }
      ]
    }
  ]
}