{
  "lat": 42.1571,
  "lon": -71.1586,
  "timezone": "America/New_York",
  "timezone_offset": -14400,
  "data": [
    {
      "dt": 1521225000,
      "sunrise": 1521197693,
      "sunset": 1521240703,
      "temp": 275.82,
      "feels_like": 270.4,
      "pressure": 1001,
      "humidity": 38,
      "dew_point": 264.05,
      "clouds": 100,
      "visibility": 10000,
      "wind_speed": 7.72,
      "wind_deg": 310,
      "wind_gust": 13.38,
      "weather": [
        {
          "id": 804,
          "main": "Clouds",
          "description": "overcast clouds",
          "icon": "04d"
        }
      ]
    }
  ]
}