{
  "lat": 42.1571,
  "lon": -71.1586,
  "timezone": "America/New_York",
  "timezone_offset": -18000,
  "data": [
    {
      "dt": 1545689700,
      "sunrise": 1545653474,
      "sunset": 1545686227,
      "temp": 274.38,
      "feels_like": 270.36,
      "pressure": 1014,
      "humidity": 92,
      "dew_point": 273.23,
      "clouds": 100,
      "visibility": 10000,
      "wind_speed": 4.02,
      "wind_deg": 251,
      "wind_gust": 5.81,
      "weather": [
        {
          "id": 804,
          "main": "Clouds",
          "description": "overcast clouds",
          "icon": "04n"
        }
      ]
    }
  ]
}