{
  "lat": 42.1571,
  "lon": -71.1586,
  "timezone": "America/New_York",
  "timezone_offset": -18000,
  "data": [
    {
      "dt": 1542143700,
      "sunrise": 1542108753,
      "sunset": 1542144329,
      "temp": 282.05,
      "feels_like": 278.33,
      "pressure": 1007,
      "humidity": 87,
      "dew_point": 280.01,
      "clouds": 100,
      "visibility": 4828,
      "wind_speed": 8.23,
      "wind_deg": 310,
      "wind_gust": 11.32,
      "weather": [
        {
          "id": 701,
          "main": "Mist",
          "description": "mist",
          "icon": "50d"
        },
        {
          "id": 500,
          "main": "Rain",
          "description": "light rain",
          "icon": "10d"
        }
      ],
      "rain": {
        "3h": 0.5
      }
    }
  ]
}