{
  "lat": 42.1571,
  "lon": -71.1586,
  "timezone": "America/New_York",
  "timezone_offset": -14400,
  "data": [
    {
      "dt": 1526753700,
      "sunrise": 1526721604,
      "sunset": 1526774545,
      "temp": 286,
      "feels_like": 285.61,
      "pressure": 1026,
      "humidity": 87,
      "dew_point": 283.89,
      "clouds": 100,
      "visibility": 9656,
      "wind_speed": 3.1,
      "wind_deg": 40,
      "weather": [
        {
          "id": 701,
          "main": "Mist",
          "description": "mist",
          "icon": "50d"
        },
        {
          "id": 500,
          "main": "Rain",
          "description": "light rain",
          "icon": "10d"
        }
      ],
      "rain": {
        "1h": 0.35
      }
    }
  ]
}