{
  "lat": 42.1571,
  "lon": -71.1586,
  "timezone": "America/New_York",
  "timezone_offset": -14400,
  "data": [
    {
      "dt": 1527435000,
      "sunrise": 1527412441,
      "sunset": 1527466196,
      "temp": 287.29,
      "feels_like": 286.51,
      "pressure": 1022,
      "humidity": 67,
      "dew_point": 281.26,
      "clouds": 100,
      "visibility": 10000,
      "wind_speed": 7.72,
      "wind_deg": 60,
      "wind_gust": 10.29,
      "weather": [
        {
          "id": 804,
          "main": "Clouds",
          "description": "overcast clouds",
          "icon": "04d"
        }
      ]
    }
  ]
}