{
  "lat": 42.1571,
  "lon": -71.1586,
  "timezone": "America/New_York",
  "timezone_offset": -18000,
  "data": [
    {
      "dt": 1520697600,
      "sunrise": 1520679910,
      "sunset": 1520721891,
      "temp": 277.13,
      "feels_like": 272.88,
      "pressure": 1008,
      "humidity": 48,
      "dew_point": 267.8,
      "clouds": 75,
      "visibility": 10000,
      "wind_speed": 5.7,
      "wind_deg": 270,
      "wind_gust": 10.3,
      "weather": [
        {
          "id": 803,
          "main": "Clouds",
          "description": "broken clouds",
          "icon": "04d"
        }
      ]
    }
  ]
}