{
  "lat": 42.1571,
  "lon": -71.1586,
  "timezone": "America/New_York",
  "timezone_offset": -14400,
  "data": [
    {
      "dt": 1535054400,
      "sunrise": 1535018447,
      "sunset": 1535067248,
      "temp": 299.15,
      "feels_like": 299.15,
      "pressure": 1012,
      "humidity": 38,
      "dew_point": 283.75,
      "clouds": 0,
      "visibility": 10000,
      "wind_speed": 5.14,
      "wind_deg": 280,
      "wind_gust": 8.23,
      "weather": [
        {
          "id": 800,
          "main": "Clear",
          "description": "clear sky",
          "icon": "01d"
        }
      ]
    }
  ]
}