{
  "lat": 42.1571,
  "lon": -71.1586,
  "timezone": "America/New_York",
  "timezone_offset": -18000,
  "data": [
    {
      "dt": 1515017700,
      "sunrise": 1514981595,
      "sunset": 1515014683,
      "temp": 268.92,
      "feels_like": 263.2,
      "pressure": 1022,
      "humidity": 50,
      "dew_point": 261.01,
      "clouds": 0,
      "visibility": 10000,
      "wind_speed": 4.63,
      "wind_deg": 180,
      "weather": [
        {
          "id": 800,
          "main": "Clear",
          "description": "clear sky",
          "icon": "01n"
        }
      ]
    }
  ]
}