{
  "lat": 42.1571,
  "lon": -71.1586,
  "timezone": "America/New_York",
  "timezone_offset": -18000,
  "data": [
    {
      "dt": 1544731200,
      "sunrise": 1544702689,
      "sunset": 1544735584,
      "temp": 274.95,
      "feels_like": 272.68,
      "pressure": 1033,
      "humidity": 53,
      "dew_point": 267.15,
      "clouds": 100,
      "visibility": 10000,
      "wind_speed": 2.1,
      "wind_deg": 0,
      "weather": [
        {
          "id": 804,
          "main": "Clouds",
          "description": "overcast clouds",
          "icon": "04d"
        }
      ]
    }
  ]
}