{
  "lat": 42.1571,
  "lon": -71.1586,
  "timezone": "America/New_York",
  "timezone_offset": -14400,
  "data": [
    {
      "dt": 1522352700,
      "sunrise": 1522319535,
      "sunset": 1522364774,
      "temp": 286.07,
      "feels_like": 284.93,
      "pressure": 1016,
      "humidity": 58,
      "dew_point": 278.01,
      "clouds": 100,
      "visibility": 10000,
      "wind_speed": 3.1,
      "wind_deg": 180,
      "weather": [
        {
          "id": 804,
          "main": "Clouds",
          "description": "overcast clouds",
          "icon": "04d"
        }
      ]
    }
  ]
}