{
  "lat": 42.1571,
  "lon": -71.1586,
  "timezone": "America/New_York",
  "timezone_offset": -14400,
  "data": [
    {
      "dt": 1535470200,
      "sunrise": 1535450762,
      "sunset": 1535498767,
      "temp": 307.05,
      "feels_like": 313.46,
      "pressure": 1015,
      "humidity": 56,
      "dew_point": 297.04,
      "clouds": 0,
      "visibility": 10000,
      "wind_speed": 5.14,
      "wind_deg": 230,
      "wind_gust": 7.72,
      "weather": [
        {
          "id": 800,
          "main": "Clear",
          "description": "clear sky",
          "icon": "01d"
        }
      ]
    }
  ]
}