{
  "lat": 42.1571,
  "lon": -71.1586,
  "timezone": "America/New_York",
  "timezone_offset": -18000,
  "data": [
    {
      "dt": 1518973200,
      "sunrise": 1518953807,
      "sunset": 1518992438,
      "temp": 278.9,
      "feels_like": 275.12,
      "pressure": 1022,
      "humidity": 54,
      "dew_point": 270.65,
      "clouds": 40,
      "visibility": 10000,
      "wind_speed": 5.7,
      "wind_deg": 330,
      "wind_gust": 12.4,
      "weather": [
        {
          "id": 802,
          "main": "Clouds",
          "description": "scattered clouds",
          "icon": "03d"
        }
      ]
    }
  ]
}