{
  "lat": 42.1571,
  "lon": -71.1586,
  "timezone": "America/New_York",
  "timezone_offset": -14400,
  "data": [
    {
      "dt": 1528310700,
      "sunrise": 1528276159,
      "sunset": 1528330657,
      "temp": 291.4,
      "feels_like": 290.74,
      "pressure": 1012,
      "humidity": 56,
      "dew_point": 282.48,
      "clouds": 40,
      "visibility": 10000,
      "wind_speed": 0,
      "wind_deg": 0,
      "weather": [
        {
          "id": 802,
          "main": "Clouds",
          "description": "scattered clouds",
          "icon": "03d"
        }
      ]
    }
  ]
}