{
  "lat": 42.1571,
  "lon": -71.1586,
  "timezone": "America/New_York",
  "timezone_offset": -14400,
  "data": [
    {
      "dt": 1531157400,
      "sunrise": 1531127823,
      "sunset": 1531182135,
      "temp": 304.96,
      "feels_like": 304.52,
      "pressure": 1019,
      "humidity": 36,
      "dew_point": 288.05,
      "clouds": 0,
      "visibility": 10000,
      "wind_speed": 5.14,
      "wind_deg": 210,
      "wind_gust": 10.29,
      "weather": [
        {
          "id": 800,
          "main": "Clear",
          "description": "clear sky",
          "icon": "01d"
        }
      ]
    }
  ]
}