{
  "lat": 42.1571,
  "lon": -71.1586,
  "timezone": "America/New_York",
  "timezone_offset": -14400,
  "data": [
    {
      "dt": 1533826800,
      "sunrise": 1533807957,
      "sunset": 1533858864,
      "temp": 301.25,
      "feels_like": 305.18,
      "pressure": 1008,
      "humidity": 78,
      "dew_point": 297.05,
      "clouds": 20,
      "visibility": 10000,
      "wind_speed": 3.6,
      "wind_deg": 250,
      "weather": [
        {
          "id": 500,
          "main": "Rain",
          "description": "light rain",
          "icon": "10d"
        }
      ],
      "rain": {
        "1h": 0.38
      }
    }
  ]
}