{
  "lat": 42.1571,
  "lon": -71.1586,
  "timezone": "America/New_York",
  "timezone_offset": -14400,
  "data": [
    {
      "dt": 1535403600,
      "sunrise": 1535364300,
      "sunset": 1535412465,
      "temp": 304.15,
      "feels_like": 305.57,
      "pressure": 1016,
      "humidity": 49,
      "dew_point": 292.19,
      "clouds": 0,
      "visibility": 10000,
      "wind_speed": 3.1,
      "wind_deg": 280,
      "weather": [
        {
          "id": 800,
          "main": "Clear",
          "description": "clear sky",
          "icon": "01d"
        }
      ]
    }
  ]
}