{
  "lat": 42.1571,
  "lon": -71.1586,
  "timezone": "America/New_York",
  "timezone_offset": -14400,
  "data": [
    {
      "dt": 1524950100,
      "sunrise": 1524908653,
      "sunset": 1524958785,
      "temp": 297.05,
      "feels_like": 296.38,
      "pressure": 1008,
      "humidity": 34,
      "dew_point": 280.25,
      "clouds": 20,
      "visibility": 10000,
      "wind_speed": 5.14,
      "wind_deg": 210,
      "wind_gust": 9.26,
      "weather": [
        {
          "id": 801,
          "main": "Clouds",
          "description": "few clouds",
          "icon": "02d"
        }
      ]
    }
  ]
}