{
  "lat": 42.1571,
  "lon": -71.1586,
  "timezone": "America/New_York",
  "timezone_offset": -18000,
  "data": [
    {
      "dt": 1517348700,
      "sunrise": 1517313586,
      "sunset": 1517349357,
      "temp": 273.1,
      "feels_like": 268.39,
      "pressure": 1012,
      "humidity": 43,
      "dew_point": 263.23,
      "clouds": 100,
      "visibility": 10000,
      "wind_speed": 4.63,
      "wind_deg": 340,
      "weather": [
        {
          "id": 804,
          "main": "Clouds",
          "description": "overcast clouds",
          "icon": "04d"
        }
      ]
    }
  ]
}