{
  "lat": 42.1571,
  "lon": -71.1586,
  "timezone": "America/New_York",
  "timezone_offset": -14400,
  "data": [
    {
      "dt": 1523806200,
      "sunrise": 1523786623,
      "sunset": 1523834708,
      "temp": 275.2,
      "feels_like": 268.74,
      "pressure": 1032,
      "humidity": 76,
      "dew_point": 271.62,
      "clouds": 100,
      "visibility": 9656,
      "wind_speed": 10.3,
      "wind_deg": 60,
      "wind_gust": 14.9,
      "weather": [
        {
          "id": 721,
          "main": "Haze",
          "description": "haze",
          "icon": "50d"
        }
      ]
    }
  ]
}