{
  "lat": 42.1571,
  "lon": -71.1586,
  "timezone": "America/New_York",
  "timezone_offset": -14400,
  "data": [
    {
      "dt": 1523124000,
      "sunrise": 1523096211,
      "sunset": 1523142973,
      "temp": 282.05,
      "feels_like": 278.93,
      "pressure": 1009,
      "humidity": 34,
      "dew_point": 267.74,
      "clouds": 0,
      "visibility": 10000,
      "wind_speed": 6.2,
      "wind_deg": 280,
      "wind_gust": 10.8,
      "weather": [
        {
          "id": 800,
          "main": "Clear",
          "description": "clear sky",
          "icon": "01d"
        }
      ]
    }
  ]
}