{
  "lat": 42.1571,
  "lon": -71.1586,
  "timezone": "America/New_York",
  "timezone_offset": -14400,
  "data": [
    {
      "dt": 1531672200,
      "sunrise": 1531646499,
      "sunset": 1531700348,
      "temp": 304.14,
      "feels_like": 306.8,
      "pressure": 1014,
      "humidity": 55,
      "dew_point": 294.04,
      "clouds": 40,
      "visibility": 10000,
      "wind_speed": 2.6,
      "wind_deg": 0,
      "weather": [
        {
          "id": 802,
          "main": "Clouds",
          "description": "scattered clouds",
          "icon": "03d"
        }
      ]
    }
  ]
}