{
  "lat": 42.1571,
  "lon": -71.1586,
  "timezone": "America/New_York",
  "timezone_offset": -14400,
  "data": [
    {
      "dt": 1536529500,
      "sunrise": 1536488311,
      "sunset": 1536534345,
      "temp": 288.9,
      "feels_like": 287.99,
      "pressure": 1026,
      "humidity": 56,
      "dew_point": 280.15,
      "clouds": 0,
      "visibility": 10000,
      "wind_speed": 4.12,
      "wind_deg": 50,
      "weather": [
        {
          "id": 800,
          "main": "Clear",
          "description": "clear sky",
          "icon": "01d"
        }
      ]
    }
  ]
}