{
  "lat": 42.1571,
  "lon": -71.1586,
  "timezone": "America/New_York",
  "timezone_offset": -18000,
  "data": [
    {
      "dt": 1515172500,
      "sunrise": 1515154391,
      "sunset": 1515187594,
      "temp": 264.15,
      "feels_like": 257.15,
      "pressure": 998,
      "humidity": 44,
      "dew_point": 255.15,
      "clouds": 0,
      "visibility": 10000,
      "wind_speed": 10.8,
      "wind_deg": 260,
      "wind_gust": 15.95,
      "weather": [
        {
          "id": 800,
          "main": "Clear",
          "description": "clear sky",
          "icon": "01d"
        }
      ]
    }
  ]
}