{
  "lat": 42.1571,
  "lon": -71.1586,
  "timezone": "America/New_York",
  "timezone_offset": -14400,
  "data": [
    {
      "dt": 1532377800,
      "sunrise": 1532338125,
      "sunset": 1532391189,
      "temp": 303.1,
      "feels_like": 307.37,
      "pressure": 1023,
      "humidity": 67,
      "dew_point": 296.3,
      "clouds": 100,
      "visibility": 10000,
      "wind_speed": 7.72,
      "wind_deg": 180,
      "wind_gust": 13.89,
      "weather": [
        {
          "id": 500,
          "main": "Rain",
          "description": "light rain",
          "icon": "10d"
        }
      ],
      "rain": {
        "1h": 0.7
      }
    }
  ]
}