{
  "lat": 42.1571,
  "lon": -71.1586,
  "timezone": "America/New_York",
  "timezone_offset": -14400,
  "data": [
    {
      "dt": 1532272500,
      "sunrise": 1532251669,
      "sunset": 1532304840,
      "temp": 297.05,
      "feels_like": 297.85,
      "pressure": 1018,
      "humidity": 90,
      "dew_point": 295.31,
      "clouds": 100,
      "visibility": 10000,
      "wind_speed": 4.12,
      "wind_deg": 130,
      "weather": [
        {
          "id": 500,
          "main": "Rain",
          "description": "light rain",
          "icon": "10d"
        }
      ],
      "rain": {
        "1h": 0.2,
        "3h": 1.8
      }
    }
  ]
}