{
  "lat": 42.1571,
  "lon": -71.1586,
  "timezone": "America/New_York",
  "timezone_offset": -18000,
  "data": [
    {
      "dt": 1519574400,
      "sunrise": 1519557981,
      "sunset": 1519597762,
      "temp": 277.57,
      "feels_like": 274.23,
      "pressure": 1021,
      "humidity": 87,
      "dew_point": 275.6,
      "clouds": 100,
      "visibility": 9656,
      "wind_speed": 4.12,
      "wind_deg": 100,
      "weather": [
        {
          "id": 701,
          "main": "Mist",
          "description": "mist",
          "icon": "50d"
        },
        {
          "id": 500,
          "main": "Rain",
          "description": "light rain",
          "icon": "10d"
        }
      ],
      "rain": {
        "1h": 0.2
      }
    }
  ]
}