{
  "lat": 42.1571,
  "lon": -71.1586,
  "timezone": "America/New_York",
  "timezone_offset": -14400,
  "data": [
    {
      "dt": 1537375500,
      "sunrise": 1537352932,
      "sunset": 1537397286,
      "temp": 291.99,
      "feels_like": 292.1,
      "pressure": 1015,
      "humidity": 83,
      "dew_point": 289.04,
      "clouds": 100,
      "visibility": 10000,
      "wind_speed": 5.14,
      "wind_deg": 60,
      "weather": [
        {
          "id": 804,
          "main": "Clouds",
          "description": "overcast clouds",
          "icon": "04d"
        }
      ]
    }
  ]
}