{
  "lat": 42.1571,
  "lon": -71.1586,
  "timezone": "America/New_York",
  "timezone_offset": -18000,
  "data": [
    {
      "dt": 1520202600,
      "sunrise": 1520162111,
      "sunset": 1520203069,
      "temp": 276.6,
      "feels_like": 274.12,
      "pressure": 1016,
      "humidity": 64,
      "dew_point": 270.76,
      "clouds": 100,
      "visibility": 10000,
      "wind_speed": 2.6,
      "wind_deg": 50,
      "weather": [
        {
          "id": 804,
          "main": "Clouds",
          "description": "overcast clouds",
          "icon": "04d"
        }
      ]
    }
  ]
}