{
  "lat": 42.1571,
  "lon": -71.1586,
  "timezone": "America/New_York",
  "timezone_offset": -14400,
  "data": [
    {
      "dt": 1531414800,
      "sunrise": 1531387156,
      "sunset": 1531441251,
      "temp": 300.19,
      "feels_like": 299.99,
      "pressure": 1022,
      "humidity": 39,
      "dew_point": 285.06,
      "clouds": 0,
      "visibility": 10000,
      "wind_speed": 3.6,
      "wind_deg": 40,
      "weather": [
        {
          "id": 800,
          "main": "Clear",
          "description": "clear sky",
          "icon": "01d"
        }
      ]
    }
  ]
}