{
  "lat": 42.1571,
  "lon": -71.1586,
  "timezone": "America/New_York",
  "timezone_offset": -14400,
  "data": [
    {
      "dt": 1522596600,
      "sunrise": 1522578424,
      "sunset": 1522624174,
      "temp": 286.92,
      "feels_like": 285.37,
      "pressure": 1012,
      "humidity": 39,
      "dew_point": 273.22,
      "clouds": 20,
      "visibility": 10000,
      "wind_speed": 7.2,
      "wind_deg": 240,
      "wind_gust": 10.29,
      "weather": [
        {
          "id": 801,
          "main": "Clouds",
          "description": "few clouds",
          "icon": "02d"
        }
      ]
    }
  ]
}