{
  "lat": 42.1571,
  "lon": -71.1586,
  "timezone": "America/New_York",
  "timezone_offset": -14400,
  "data": [
    {
      "dt": 1540143900,
      "sunrise": 1540119844,
      "sunset": 1540158846,
      "temp": 283.9,
      "feels_like": 282.02,
      "pressure": 1009,
      "humidity": 38,
      "dew_point": 270.51,
      "clouds": 100,
      "visibility": 10000,
      "wind_speed": 11.83,
      "wind_deg": 320,
      "wind_gust": 17.49,
      "weather": [
        {
          "id": 804,
          "main": "Clouds",
          "description": "overcast clouds",
          "icon": "04d"
        }
      ]
    }
  ]
}