{
  "lat": 42.1571,
  "lon": -71.1586,
  "timezone": "America/New_York",
  "timezone_offset": -14400,
  "data": [
    {
      "dt": 1538935200,
      "sunrise": 1538909282,
      "sunset": 1538950595,
      "temp": 297.58,
      "feels_like": 297.91,
      "pressure": 1021,
      "humidity": 70,
      "dew_point": 291.76,
      "clouds": 75,
      "visibility": 10000,
      "wind_speed": 3.1,
      "wind_deg": 230,
      "weather": [
        {
          "id": 803,
          "main": "Clouds",
          "description": "broken clouds",
          "icon": "04d"
        }
      ]
    }
  ]
}