{
  "lat": 42.1571,
  "lon": -71.1586,
  "timezone": "America/New_York",
  "timezone_offset": -18000,
  "data": [
    {
      "dt": 1518210900,
      "sunrise": 1518176927,
      "sunset": 1518214142,
      "temp": 273.9,
      "feels_like": 269.39,
      "pressure": 1032,
      "humidity": 44,
      "dew_point": 264.15,
      "clouds": 20,
      "visibility": 10000,
      "wind_speed": 4.63,
      "wind_deg": 190,
      "weather": [
        {
          "id": 801,
          "main": "Clouds",
          "description": "few clouds",
          "icon": "02d"
        }
      ]
    }
  ]
}