{
  "lat": 42.1571,
  "lon": -71.1586,
  "timezone": "America/New_York",
  "timezone_offset": -14400,
  "data": [
    {
      "dt": 1524499200,
      "sunrise": 1524477084,
      "sunset": 1524526447,
      "temp": 289.15,
      "feels_like": 287.25,
      "pressure": 1032,
      "humidity": 17,
      "dew_point": 265.12,
      "clouds": 0,
      "visibility": 10000,
      "wind_speed": 3.1,
      "wind_deg": 0,
      "weather": [
        {
          "id": 800,
          "main": "Clear",
          "description": "clear sky",
          "icon": "01d"
        }
      ]
    }
  ]
}