{
  "lat": 42.1571,
  "lon": -71.1586,
  "timezone": "America/New_York",
  "timezone_offset": -18000,
  "data": [
    {
      "dt": 1515863700,
      "sunrise": 1515845480,
      "sunset": 1515879295,
      "temp": 278.1,
      "feels_like": 272.34,
      "pressure": 1005,
      "humidity": 70,
      "dew_point": 273.1,
      "clouds": 100,
      "visibility": 10000,
      "wind_speed": 11.32,
      "wind_deg": 300,
      "wind_gust": 16.98,
      "weather": [
        {
          "id": 804,
          "main": "Clouds",
          "description": "overcast clouds",
          "icon": "04d"
        }
      ]
    }
  ]
}