{
  "lat": 42.1571,
  "lon": -71.1586,
  "timezone": "America/New_York",
  "timezone_offset": -18000,
  "data": [
    {
      "dt": 1542408300,
      "sunrise": 1542368178,
      "sunset": 1542403368,
      "temp": 275.2,
      "feels_like": 270.22,
      "pressure": 1005,
      "humidity": 79,
      "dew_point": 272.09,
      "clouds": 0,
      "visibility": 10000,
      "wind_speed": 6.17,
      "wind_deg": 260,
      "weather": [
        {
          "id": 800,
          "main": "Clear",
          "description": "clear sky",
          "icon": "01n"
        }
      ]
    }
  ]
}