{
  "lat": 42.1571,
  "lon": -71.1586,
  "timezone": "America/New_York",
  "timezone_offset": -18000,
  "data": [
    {
      "dt": 1545509700,
      "sunrise": 1545480622,
      "sunset": 1545513363,
      "temp": 278.7,
      "feels_like": 273.39,
      "pressure": 996,
      "humidity": 64,
      "dew_point": 272.52,
      "clouds": 20,
      "visibility": 10000,
      "wind_speed": 10.3,
      "wind_deg": 270,
      "wind_gust": 17.5,
      "weather": [
        {
          "id": 801,
          "main": "Clouds",
          "description": "few clouds",
          "icon": "02d"
        }
      ]
    }
  ]
}