{
  "lat": 42.1571,
  "lon": -71.1586,
  "timezone": "America/New_York",
  "timezone_offset": -14400,
  "data": [
    {
      "dt": 1525362300,
      "sunrise": 1525340252,
      "sunset": 1525391120,
      "temp": 305.2,
      "feels_like": 304.14,
      "pressure": 1012,
      "humidity": 31,
      "dew_point": 285.96,
      "clouds": 0,
      "visibility": 10000,
      "wind_speed": 5.7,
      "wind_deg": 200,
      "wind_gust": 8.8,
      "weather": [
        {
          "id": 800,
          "main": "Clear",
          "description": "clear sky",
          "icon": "01d"
        }
      ]
    }
  ]
}