{
  "lat": 42.1571,
  "lon": -71.1586,
  "timezone": "America/New_York",
  "timezone_offset": -14400,
  "data": [
    {
      "dt": 1526069700,
      "sunrise": 1526030879,
      "sunset": 1526082846,
      "temp": 294.96,
      "feels_like": 293.72,
      "pressure": 1014,
      "humidity": 20,
      "dew_point": 271.27,
      "clouds": 0,
      "visibility": 10000,
      "wind_speed": 4.12,
      "wind_deg": 300,
      "weather": [
        {
          "id": 800,
          "main": "Clear",
          "description": "clear sky",
          "icon": "01d"
        }
      ]
    }
  ]
}