{
  "lat": 42.1571,
  "lon": -71.1586,
  "timezone": "America/New_York",
  "timezone_offset": -18000,
  "data": [
    {
      "dt": 1519237800,
      "sunrise": 1519212745,
      "sunset": 1519251865,
      "temp": 295.2,
      "feels_like": 295.03,
      "pressure": 1020,
      "humidity": 60,
      "dew_point": 287.08,
      "clouds": 0,
      "visibility": 10000,
      "wind_speed": 5.7,
      "wind_deg": 190,
      "wind_gust": 9.8,
      "weather": [
        {
          "id": 800,
          "main": "Clear",
          "description": "clear sky",
          "icon": "01d"
        }
      ]
    }
  ]
}