{
  "lat": 42.1571,
  "lon": -71.1586,
  "timezone": "America/New_York",
  "timezone_offset": -14400,
  "data": [
    {
      "dt": 1523213100,
      "sunrise": 1523182510,
      "sunset": 1523229440,
      "temp": 279.95,
      "feels_like": 278.52,
      "pressure": 1008,
      "humidity": 33,
      "dew_point": 265.73,
      "clouds": 75,
      "visibility": 10000,
      "wind_speed": 2.1,
      "wind_deg": 0,
      "weather": [
        {
          "id": 803,
          "main": "Clouds",
          "description": "broken clouds",
          "icon": "04d"
        }
      ]
    }
  ]
}