{
  "lat": 42.1571,
  "lon": -71.1586,
  "timezone": "America/New_York",
  "timezone_offset": -14400,
  "data": [
    {
      "dt": 1539272700,
      "sunrise": 1539255149,
      "sunset": 1539295794,
      "temp": 294.54,
      "feels_like": 294.88,
      "pressure": 1007,
      "humidity": 82,
      "dew_point": 291.34,
      "clouds": 100,
      "visibility": 10000,
      "wind_speed": 2.1,
      "wind_deg": 340,
      "weather": [
        {
          "id": 804,
          "main": "Clouds",
          "description": "overcast clouds",
          "icon": "04d"
        }
      ]
    }
  ]
}