{
  "lat": 42.1571,
  "lon": -71.1586,
  "timezone": "America/New_York",
  "timezone_offset": -18000,
  "data": [
    {
      "dt": 1520354700,
      "sunrise": 1520334713,
      "sunset": 1520376011,
      "temp": 275.91,
      "feels_like": 272.18,
      "pressure": 1018,
      "humidity": 55,
      "dew_point": 268.39,
      "clouds": 100,
      "visibility": 10000,
      "wind_speed": 4.12,
      "wind_deg": 50,
      "weather": [
        {
          "id": 804,
          "main": "Clouds",
          "description": "overcast clouds",
          "icon": "04d"
        }
      ]
    }
  ]
}