{
  "lat": 42.1571,
  "lon": -71.1586,
  "timezone": "America/New_York",
  "timezone_offset": -14400,
  "data": [
    {
      "dt": 1537392600,
      "sunrise": 1537352932,
      "sunset": 1537397286,
      "temp": 290.55,
      "feels_like": 290.36,
      "pressure": 1016,
      "humidity": 77,
      "dew_point": 286.48,
      "clouds": 100,
      "visibility": 10000,
      "wind_speed": 4.12,
      "wind_deg": 60,
      "weather": [
        {
          "id": 804,
          "main": "Clouds",
          "description": "overcast clouds",
          "icon": "04d"
        }
      ]
    }
  ]
}