{
  "lat": 42.1571,
  "lon": -71.1586,
  "timezone": "America/New_York",
  "timezone_offset": -14400,
  "data": [
    {
      "dt": 1528752600,
      "sunrise": 1528708094,
      "sunset": 1528762833,
      "temp": 293.9,
      "feels_like": 293.08,
      "pressure": 1019,
      "humidity": 40,
      "dew_point": 279.83,
      "clouds": 0,
      "visibility": 10000,
      "wind_speed": 6.2,
      "wind_deg": 110,
      "weather": [
        {
          "id": 800,
          "main": "Clear",
          "description": "clear sky",
          "icon": "01d"
        }
      ]
    }
  ]
}