{
  "lat": 42.1571,
  "lon": -71.1586,
  "timezone": "America/New_York",
  "timezone_offset": -14400,
  "data": [
    {
      "dt": 1532287800,
      "sunrise": 1532251669,
      "sunset": 1532304840,
      "temp": 299.44,
      "feels_like": 299.44,
      "pressure": 1019,
      "humidity": 80,
      "dew_point": 295.71,
      "clouds": 100,
      "visibility": 10000,
      "wind_speed": 3.6,
      "wind_deg": 150,
      "weather": [
        {
          "id": 500,
          "main": "Rain",
          "description": "light rain",
          "icon": "10d"
        }
      ],
      "rain": {
        "1h": 0.28
      }
    }
  ]
}