{
  "lat": 42.1571,
  "lon": -71.1586,
  "timezone": "America/New_York",
  "timezone_offset": -18000,
  "data": [
    {
      "dt": 1542661200,
      "sunrise": 1542627599,
      "sunset": 1542662425,
      "temp": 278.11,
      "feels_like": 277,
      "pressure": 1018,
      "humidity": 86,
      "dew_point": 275.97,
      "clouds": 100,
      "visibility": 3218,
      "wind_speed": 1.54,
      "wind_deg": 310,
      "weather": [
        {
          "id": 701,
          "main": "Mist",
          "description": "mist",
          "icon": "50d"
        }
      ]
    }
  ]
}