{
  "lat": 42.1571,
  "lon": -71.1586,
  "timezone": "America/New_York",
  "timezone_offset": -14400,
  "data": [
    {
      "dt": 1534778100,
      "sunrise": 1534759056,
      "sunset": 1534808326,
      "temp": 296,
      "feels_like": 296.17,
      "pressure": 1022,
      "humidity": 70,
      "dew_point": 290.24,
      "clouds": 20,
      "visibility": 10000,
      "wind_speed": 6.7,
      "wind_deg": 60,
      "wind_gust": 9.8,
      "weather": [
        {
          "id": 801,
          "main": "Clouds",
          "description": "few clouds",
          "icon": "02d"
        }
      ]
    }
  ]
}