{
  "lat": 42.1571,
  "lon": -71.1586,
  "timezone": "America/New_York",
  "timezone_offset": -14400,
  "data": [
    {
      "dt": 1523030400,
      "sunrise": 1523009912,
      "sunset": 1523056506,
      "temp": 278.1,
      "feels_like": 273.53,
      "pressure": 1017,
      "humidity": 51,
      "dew_point": 269.31,
      "clouds": 100,
      "visibility": 10000,
      "wind_speed": 7.2,
      "wind_deg": 180,
      "wind_gust": 11.8,
      "weather": [
        {
          "id": 804,
          "main": "Clouds",
          "description": "overcast clouds",
          "icon": "04d"
        }
      ]
    }
  ]
}