{
  "lat": 42.1571,
  "lon": -71.1586,
  "timezone": "America/New_York",
  "timezone_offset": -14400,
  "data": [
    {
      "dt": 1532631600,
      "sunrise": 1532597497,
      "sunset": 1532650224,
      "temp": 303.1,
      "feels_like": 307.14,
      "pressure": 1010,
      "humidity": 66,
      "dew_point": 296.05,
      "clouds": 20,
      "visibility": 10000,
      "wind_speed": 6.2,
      "wind_deg": 190,
      "wind_gust": 9.3,
      "weather": [
        {
          "id": 502,
          "main": "Rain",
          "description": "heavy intensity rain",
          "icon": "10d"
        }
      ],
      "rain": {
        "1h": 6.75
      }
    }
  ]
}