{
  "lat": 42.1571,
  "lon": -71.1586,
  "timezone": "America/New_York",
  "timezone_offset": -18000,
  "data": [
    {
      "dt": 1543530600,
      "sunrise": 1543492297,
      "sunset": 1543526082,
      "temp": 278.9,
      "feels_like": 274.73,
      "pressure": 1010,
      "humidity": 57,
      "dew_point": 271.29,
      "clouds": 0,
      "visibility": 10000,
      "wind_speed": 6.7,
      "wind_deg": 300,
      "wind_gust": 10.8,
      "weather": [
        {
          "id": 800,
          "main": "Clear",
          "description": "clear sky",
          "icon": "01n"
        }
      ]
    }
  ]
}