{
  "lat": 42.1571,
  "lon": -71.1586,
  "timezone": "America/New_York",
  "timezone_offset": -14400,
  "data": [
    {
      "dt": 1530987300,
      "sunrise": 1530954942,
      "sunset": 1531009382,
      "temp": 299.15,
      "feels_like": 299.15,
      "pressure": 1026,
      "humidity": 32,
      "dew_point": 281.2,
      "clouds": 0,
      "visibility": 10000,
      "wind_speed": 2.6,
      "wind_deg": 0,
      "weather": [
        {
          "id": 800,
          "main": "Clear",
          "description": "clear sky",
          "icon": "01d"
        }
      ]
    }
  ]
}