{
  "lat": 42.1571,
  "lon": -71.1586,
  "timezone": "America/New_York",
  "timezone_offset": -14400,
  "data": [
    {
      "dt": 1523044800,
      "sunrise": 1523009912,
      "sunset": 1523056506,
      "temp": 274.95,
      "feels_like": 269.89,
      "pressure": 1010,
      "humidity": 93,
      "dew_point": 273.94,
      "clouds": 100,
      "visibility": 804,
      "wind_speed": 6.2,
      "wind_deg": 150,
      "wind_gust": 10.3,
      "weather": [
        {
          "id": 600,
          "main": "Snow",
          "description": "light snow",
          "icon": "13d"
        },
        {
          "id": 701,
          "main": "Mist",
          "description": "mist",
          "icon": "50d"
        },
        {
          "id": 501,
          "main": "Rain",
          "description": "moderate rain",
          "icon": "10d"
        }
      ],
      "rain": {
        "1h": 1.8
      }
    }
  ]
}