{
  "lat": 42.1571,
  "lon": -71.1586,
  "timezone": "America/New_York",
  "timezone_offset": -14400,
  "data": [
    {
      "dt": 1523907900,
      "sunrise": 1523872928,
      "sunset": 1523921175,
      "temp": 284.95,
      "feels_like": 284.67,
      "pressure": 1006,
      "humidity": 95,
      "dew_point": 284.18,
      "clouds": 100,
      "visibility": 804,
      "wind_speed": 9.8,
      "wind_deg": 120,
      "wind_gust": 18.5,
      "weather": [
        {
          "id": 502,
          "main": "Rain",
          "description": "heavy intensity rain",
          "icon": "10d"
        },
        {
          "id": 701,
          "main": "Mist",
          "description": "mist",
          "icon": "50d"
        }
      ],
      "rain": {
        "1h": 11.05
      }
    }
  ]
}