{
  "lat": 42.1571,
  "lon": -71.1586,
  "timezone": "America/New_York",
  "timezone_offset": -18000,
  "data": [
    {
      "dt": 1542560400,
      "sunrise": 1542541125,
      "sunset": 1542576070,
      "temp": 278.19,
      "feels_like": 278.19,
      "pressure": 1027,
      "humidity": 52,
      "dew_point": 269.61,
      "clouds": 100,
      "visibility": 10000,
      "wind_speed": 0,
      "wind_deg": 0,
      "weather": [
        {
          "id": 804,
          "main": "Clouds",
          "description": "overcast clouds",
          "icon": "04d"
        }
      ]
    }
  ]
}