{
  "lat": 42.1571,
  "lon": -71.1586,
  "timezone": "America/New_York",
  "timezone_offset": -18000,
  "data": [
    {
      "dt": 1519325100,
      "sunrise": 1519299056,
      "sunset": 1519338339,
      "temp": 277.15,
      "feels_like": 273.43,
      "pressure": 1036,
      "humidity": 51,
      "dew_point": 268.53,
      "clouds": 100,
      "visibility": 10000,
      "wind_speed": 4.63,
      "wind_deg": 60,
      "weather": [
        {
          "id": 500,
          "main": "Rain",
          "description": "light rain",
          "icon": "10d"
        }
      ],
      "rain": {
        "1h": 0.13
      }
    }
  ]
}