{
  "lat": 42.1571,
  "lon": -71.1586,
  "timezone": "America/New_York",
  "timezone_offset": -14400,
  "data": [
    {
      "dt": 1532285100,
      "sunrise": 1532251669,
      "sunset": 1532304840,
      "temp": 299.09,
      "feels_like": 299.88,
      "pressure": 1019,
      "humidity": 82,
      "dew_point": 295.78,
      "clouds": 100,
      "visibility": 10000,
      "wind_speed": 4.63,
      "wind_deg": 160,
      "weather": [
        {
          "id": 500,
          "main": "Rain",
          "description": "light rain",
          "icon": "10d"
        }
      ],
      "rain": {
        "1h": 0.93
      }
    }
  ]
}