{
  "lat": 42.1571,
  "lon": -71.1586,
  "timezone": "America/New_York",
  "timezone_offset": -18000,
  "data": [
    {
      "dt": 1541444400,
      "sunrise": 1541416950,
      "sunset": 1541453636,
      "temp": 284.95,
      "feels_like": 283.96,
      "pressure": 1029,
      "humidity": 68,
      "dew_point": 279.24,
      "clouds": 100,
      "visibility": 10000,
      "wind_speed": 4.12,
      "wind_deg": 110,
      "weather": [
        {
          "id": 804,
          "main": "Clouds",
          "description": "overcast clouds",
          "icon": "04d"
        }
      ]
    }
  ]
}