{
  "lat": 42.1571,
  "lon": -71.1586,
  "timezone": "America/New_York",
  "timezone_offset": -18000,
  "data": [
    {
      "dt": 1515269700,
      "sunrise": 1515240785,
      "sunset": 1515274052,
      "temp": 262.05,
      "feels_like": 255.05,
      "pressure": 1016,
      "humidity": 37,
      "dew_point": 251.4,
      "clouds": 0,
      "visibility": 10000,
      "wind_speed": 7.2,
      "wind_deg": 280,
      "wind_gust": 13.38,
      "weather": [
        {
          "id": 800,
          "main": "Clear",
          "description": "clear sky",
          "icon": "01d"
        }
      ]
    }
  ]
}