{
  "lat": 42.1571,
  "lon": -71.1586,
  "timezone": "America/New_York",
  "timezone_offset": -14400,
  "data": [
    {
      "dt": 1531929600,
      "sunrise": 1531905852,
      "sunset": 1531959427,
      "temp": 299.95,
      "feels_like": 300.44,
      "pressure": 1011,
      "humidity": 51,
      "dew_point": 288.97,
      "clouds": 0,
      "visibility": 10000,
      "wind_speed": 5.14,
      "wind_deg": 340,
      "wind_gust": 9.77,
      "weather": [
        {
          "id": 800,
          "main": "Clear",
          "description": "clear sky",
          "icon": "01d"
        }
      ]
    }
  ]
}