{
  "lat": 42.1571,
  "lon": -71.1586,
  "timezone": "America/New_York",
  "timezone_offset": -14400,
  "data": [
    {
      "dt": 1531343700,
      "sunrise": 1531300710,
      "sunset": 1531354881,
      "temp": 298.11,
      "feels_like": 297.81,
      "pressure": 1015,
      "humidity": 44,
      "dew_point": 285.03,
      "clouds": 0,
      "visibility": 10000,
      "wind_speed": 5.1,
      "wind_deg": 40,
      "weather": [
        {
          "id": 800,
          "main": "Clear",
          "description": "clear sky",
          "icon": "01d"
        }
      ]
    }
  ]
}