{
  "lat": 42.1571,
  "lon": -71.1586,
  "timezone": "America/New_York",
  "timezone_offset": -14400,
  "data": [
    {
      "dt": 1535216400,
      "sunrise": 1535191373,
      "sunset": 1535239858,
      "temp": 301.25,
      "feels_like": 301.53,
      "pressure": 1025,
      "humidity": 48,
      "dew_point": 289.22,
      "clouds": 0,
      "visibility": 10000,
      "wind_speed": 4.12,
      "wind_deg": 170,
      "wind_gust": 7.2,
      "weather": [
        {
          "id": 800,
          "main": "Clear",
          "description": "clear sky",
          "icon": "01d"
        }
      ]
    }
  ]
}