{
  "lat": 42.1571,
  "lon": -71.1586,
  "timezone": "America/New_York",
  "timezone_offset": -14400,
  "data": [
    {
      "dt": 1536348600,
      "sunrise": 1536315387,
      "sunset": 1536361754,
      "temp": 295.89,
      "feels_like": 296.02,
      "pressure": 1021,
      "humidity": 69,
      "dew_point": 289.91,
      "clouds": 40,
      "visibility": 10000,
      "wind_speed": 2.6,
      "wind_deg": 70,
      "weather": [
        {
          "id": 500,
          "main": "Rain",
          "description": "light rain",
          "icon": "10d"
        }
      ],
      "rain": {
        "1h": 0.63
      }
    }
  ]
}