{
  "lat": 42.1571,
  "lon": -71.1586,
  "timezone": "America/New_York",
  "timezone_offset": -18000,
  "data": [
    {
      "dt": 1520018100,
      "sunrise": 1519989506,
      "sunset": 1520030126,
      "temp": 279.99,
      "feels_like": 275.23,
      "pressure": 993,
      "humidity": 87,
      "dew_point": 277.98,
      "clouds": 100,
      "visibility": 3218,
      "wind_speed": 9.8,
      "wind_deg": 30,
      "wind_gust": 18.5,
      "weather": [
        {
          "id": 501,
          "main": "Rain",
          "description": "moderate rain",
          "icon": "10d"
        },
        {
          "id": 701,
          "main": "Mist",
          "description": "mist",
          "icon": "50d"
        }
      ],
      "rain": {
        "1h": 3.3
      }
    }
  ]
}