{
  "lat": 42.1571,
  "lon": -71.1586,
  "timezone": "America/New_York",
  "timezone_offset": -18000,
  "data": [
    {
      "dt": 1516466700,
      "sunrise": 1516450066,
      "sunset": 1516484592,
      "temp": 282.05,
      "feels_like": 278.19,
      "pressure": 1006,
      "humidity": 39,
      "dew_point": 269.35,
      "clouds": 0,
      "visibility": 10000,
      "wind_speed": 8.8,
      "wind_deg": 260,
      "wind_gust": 15.4,
      "weather": [
        {
          "id": 800,
          "main": "Clear",
          "description": "clear sky",
          "icon": "01d"
        }
      ]
    }
  ]
}