{
  "lat": 42.1571,
  "lon": -71.1586,
  "timezone": "America/New_York",
  "timezone_offset": -14400,
  "data": [
    {
      "dt": 1525550400,
      "sunrise": 1525512900,
      "sunset": 1525564053,
      "temp": 297.29,
      "feels_like": 296.46,
      "pressure": 1016,
      "humidity": 27,
      "dew_point": 277.14,
      "clouds": 0,
      "visibility": 10000,
      "wind_speed": 5.14,
      "wind_deg": 230,
      "wind_gust": 8.23,
      "weather": [
        {
          "id": 800,
          "main": "Clear",
          "description": "clear sky",
          "icon": "01d"
        }
      ]
    }
  ]
}