{
  "lat": 42.1571,
  "lon": -71.1586,
  "timezone": "America/New_York",
  "timezone_offset": -14400,
  "data": [
    {
      "dt": 1537976700,
      "sunrise": 1537958171,
      "sunset": 1538001341,
      "temp": 298.95,
      "feels_like": 299.49,
      "pressure": 1015,
      "humidity": 73,
      "dew_point": 293.74,
      "clouds": 75,
      "visibility": 10000,
      "wind_speed": 7.72,
      "wind_deg": 200,
      "wind_gust": 12.86,
      "weather": [
        {
          "id": 803,
          "main": "Clouds",
          "description": "broken clouds",
          "icon": "04d"
        }
      ]
    }
  ]
}