{
  "lat": 42.1571,
  "lon": -71.1586,
  "timezone": "America/New_York",
  "timezone_offset": -14400,
  "data": [
    {
      "dt": 1537209000,
      "sunrise": 1537180007,
      "sunset": 1537224699,
      "temp": 302.06,
      "feels_like": 302.94,
      "pressure": 1017,
      "humidity": 52,
      "dew_point": 291.22,
      "clouds": 0,
      "visibility": 10000,
      "wind_speed": 5.14,
      "wind_deg": 190,
      "wind_gust": 9.26,
      "weather": [
        {
          "id": 800,
          "main": "Clear",
          "description": "clear sky",
          "icon": "01d"
        }
      ]
    }
  ]
}