{
  "lat": 42.1571,
  "lon": -71.1586,
  "timezone": "America/New_York",
  "timezone_offset": -14400,
  "data": [
    {
      "dt": 1525101300,
      "sunrise": 1525081289,
      "sunset": 1525131719,
      "temp": 281.24,
      "feels_like": 278.29,
      "pressure": 1013,
      "humidity": 77,
      "dew_point": 277.46,
      "clouds": 100,
      "visibility": 10000,
      "wind_speed": 5.14,
      "wind_deg": 260,
      "weather": [
        {
          "id": 500,
          "main": "Rain",
          "description": "light rain",
          "icon": "10d"
        }
      ],
      "rain": {
        "1h": 0.2,
        "3h": 0.3
      }
    }
  ]
}