{
  "lat": 42.1571,
  "lon": -71.1586,
  "timezone": "America/New_York",
  "timezone_offset": -18000,
  "data": [
    {
      "dt": 1546188300,
      "sunrise": 1546171974,
      "sunset": 1546204870,
      "temp": 272.95,
      "feels_like": 270.74,
      "pressure": 1022,
      "humidity": 46,
      "dew_point": 263.85,
      "clouds": 0,
      "visibility": 10000,
      "wind_speed": 1.79,
      "wind_deg": 279,
      "wind_gust": 4.47,
      "weather": [
        {
          "id": 800,
          "main": "Clear",
          "description": "clear sky",
          "icon": "01d"
        }
      ]
    }
  ]
}