{
  "lat": 42.1571,
  "lon": -71.1586,
  "timezone": "America/New_York",
  "timezone_offset": -14400,
  "data": [
    {
      "dt": 1534260600,
      "sunrise": 1534240275,
      "sunset": 1534290455,
      "temp": 301.01,
      "feels_like": 304.2,
      "pressure": 1012,
      "humidity": 75,
      "dew_point": 296.17,
      "clouds": 75,
      "visibility": 10000,
      "wind_speed": 3.1,
      "wind_deg": 0,
      "weather": [
        {
          "id": 501,
          "main": "Rain",
          "description": "moderate rain",
          "icon": "10d"
        }
      ],
      "rain": {
        "1h": 2.05
      }
    }
  ]
}