{
  "lat": 42.1571,
  "lon": -71.1586,
  "timezone": "America/New_York",
  "timezone_offset": -14400,
  "data": [
    {
      "dt": 1527102000,
      "sunrise": 1527067008,
      "sunset": 1527120378,
      "temp": 301.25,
      "feels_like": 300.52,
      "pressure": 1011,
      "humidity": 34,
      "dew_point": 283.93,
      "clouds": 0,
      "visibility": 10000,
      "wind_speed": 4.12,
      "wind_deg": 290,
      "wind_gust": 7.72,
      "weather": [
        {
          "id": 800,
          "main": "Clear",
          "description": "clear sky",
          "icon": "01d"
        }
      ]
    }
  ]
}