{
  "lat": 42.1571,
  "lon": -71.1586,
  "timezone": "America/New_York",
  "timezone_offset": -14400,
  "data": [
    {
      "dt": 1536246900,
      "sunrise": 1536228925,
      "sunset": 1536275458,
      "temp": 304.15,
      "feels_like": 309.87,
      "pressure": 1018,
      "humidity": 67,
      "dew_point": 297.3,
      "clouds": 0,
      "visibility": 10000,
      "wind_speed": 5.14,
      "wind_deg": 210,
      "weather": [
        {
          "id": 800,
          "main": "Clear",
          "description": "clear sky",
          "icon": "01d"
        }
      ]
    }
  ]
}