{
  "lat": 42.1571,
  "lon": -71.1586,
  "timezone": "America/New_York",
  "timezone_offset": -18000,
  "data": [
    {
      "dt": 1517244300,
      "sunrise": 1517227243,
      "sunset": 1517262879,
      "temp": 277.05,
      "feels_like": 272.57,
      "pressure": 1024,
      "humidity": 70,
      "dew_point": 272.21,
      "clouds": 100,
      "visibility": 10000,
      "wind_speed": 6.2,
      "wind_deg": 50,
      "wind_gust": 11.8,
      "weather": [
        {
          "id": 804,
          "main": "Clouds",
          "description": "overcast clouds",
          "icon": "04d"
        }
      ]
    }
  ]
}