{
  "lat": 42.1571,
  "lon": -71.1586,
  "timezone": "America/New_York",
  "timezone_offset": -14400,
  "data": [
    {
      "dt": 1533409200,
      "sunrise": 1533375643,
      "sunset": 1533427241,
      "temp": 297.29,
      "feels_like": 298.16,
      "pressure": 1019,
      "humidity": 92,
      "dew_point": 295.91,
      "clouds": 100,
      "visibility": 10000,
      "wind_speed": 5.7,
      "wind_deg": 170,
      "wind_gust": 9.3,
      "weather": [
        {
          "id": 500,
          "main": "Rain",
          "description": "light rain",
          "icon": "10d"
        }
      ],
      "rain": {
        "1h": 0.75
      }
    }
  ]
}