{
  "lat": 42.1571,
  "lon": -71.1586,
  "timezone": "America/New_York",
  "timezone_offset": -14400,
  "data": [
    {
      "dt": 1532887200,
      "sunrise": 1532856875,
      "sunset": 1532909244,
      "temp": 301.25,
      "feels_like": 301.45,
      "pressure": 1017,
      "humidity": 47,
      "dew_point": 288.89,
      "clouds": 20,
      "visibility": 10000,
      "wind_speed": 4.63,
      "wind_deg": 290,
      "weather": [
        {
          "id": 801,
          "main": "Clouds",
          "description": "few clouds",
          "icon": "02d"
        }
      ]
    }
  ]
}