{
  "lat": 42.1571,
  "lon": -71.1586,
  "timezone": "America/New_York",
  "timezone_offset": -14400,
  "data": [
    {
      "dt": 1532538000,
      "sunrise": 1532511039,
      "sunset": 1532563881,
      "temp": 303.89,
      "feels_like": 308.69,
      "pressure": 1017,
      "humidity": 65,
      "dew_point": 296.55,
      "clouds": 40,
      "visibility": 10000,
      "wind_speed": 7.72,
      "wind_deg": 170,
      "wind_gust": 11.83,
      "weather": [
        {
          "id": 500,
          "main": "Rain",
          "description": "light rain",
          "icon": "10d"
        }
      ],
      "rain": {
        "1h": 0.14
      }
    }
  ]
}