{
  "lat": 42.1571,
  "lon": -71.1586,
  "timezone": "America/New_York",
  "timezone_offset": -14400,
  "data": [
    {
      "dt": 1526159700,
      "sunrise": 1526117214,
      "sunset": 1526169311,
      "temp": 284.15,
      "feels_like": 283.73,
      "pressure": 1020,
      "humidity": 93,
      "dew_point": 283.06,
      "clouds": 100,
      "visibility": 3218,
      "wind_speed": 3.6,
      "wind_deg": 20,
      "weather": [
        {
          "id": 701,
          "main": "Mist",
          "description": "mist",
          "icon": "50d"
        },
        {
          "id": 500,
          "main": "Rain",
          "description": "light rain",
          "icon": "10d"
        }
      ],
      "rain": {
        "1h": 0.2,
        "3h": 0.5
      }
    }
  ]
}