{
  "lat": 42.1571,
  "lon": -71.1586,
  "timezone": "America/New_York",
  "timezone_offset": -18000,
  "data": [
    {
      "dt": 1542650400,
      "sunrise": 1542627599,
      "sunset": 1542662425,
      "temp": 277.3,
      "feels_like": 275.46,
      "pressure": 1018,
      "humidity": 91,
      "dew_point": 275.96,
      "clouds": 100,
      "visibility": 10000,
      "wind_speed": 2.06,
      "wind_deg": 310,
      "weather": [
        {
          "id": 804,
          "main": "Clouds",
          "description": "overcast clouds",
          "icon": "04d"
        }
      ]
    }
  ]
}