{
  "lat": 42.1571,
  "lon": -71.1586,
  "timezone": "America/New_York",
  "timezone_offset": -14400,
  "data": [
    {
      "dt": 1528302600,
      "sunrise": 1528276159,
      "sunset": 1528330657,
      "temp": 290.2,
      "feels_like": 289.71,
      "pressure": 1012,
      "humidity": 67,
      "dew_point": 284.03,
      "clouds": 100,
      "visibility": 10000,
      "wind_speed": 0,
      "wind_deg": 0,
      "weather": [
        {
          "id": 804,
          "main": "Clouds",
          "description": "overcast clouds",
          "icon": "04d"
        }
      ]
    }
  ]
}