{
  "lat": 42.1571,
  "lon": -71.1586,
  "timezone": "America/New_York",
  "timezone_offset": -14400,
  "data": [
    {
      "dt": 1540743300,
      "sunrise": 1540725152,
      "sunset": 1540763045,
      "temp": 283.09,
      "feels_like": 280.81,
      "pressure": 1007,
      "humidity": 87,
      "dew_point": 281.03,
      "clouds": 100,
      "visibility": 10000,
      "wind_speed": 4.63,
      "wind_deg": 230,
      "weather": [
        {
          "id": 804,
          "main": "Clouds",
          "description": "overcast clouds",
          "icon": "04d"
        }
      ]
    }
  ]
}