{
  "lat": 42.1571,
  "lon": -71.1586,
  "timezone": "America/New_York",
  "timezone_offset": -18000,
  "data": [
    {
      "dt": 1517939100,
      "sunrise": 1517917942,
      "sunset": 1517954707,
      "temp": 272.3,
      "feels_like": 266.52,
      "pressure": 1028,
      "humidity": 62,
      "dew_point": 266.65,
      "clouds": 100,
      "visibility": 10000,
      "wind_speed": 6.2,
      "wind_deg": 220,
      "weather": [
        {
          "id": 804,
          "main": "Clouds",
          "description": "overcast clouds",
          "icon": "04d"
        }
      ]
    }
  ]
}