{
  "lat": 42.1571,
  "lon": -71.1586,
  "timezone": "America/New_York",
  "timezone_offset": -18000,
  "data": [
    {
      "dt": 1545000300,
      "sunrise": 1544962018,
      "sunset": 1544994823,
      "temp": 279.14,
      "feels_like": 274.87,
      "pressure": 1013,
      "humidity": 87,
      "dew_point": 277.14,
      "clouds": 100,
      "visibility": 6437,
      "wind_speed": 7.2,
      "wind_deg": 60,
      "wind_gust": 11.3,
      "weather": [
        {
          "id": 501,
          "main": "Rain",
          "description": "moderate rain",
          "icon": "10n"
        },
        {
          "id": 701,
          "main": "Mist",
          "description": "mist",
          "icon": "50n"
        }
      ],
      "rain": {
        "1h": 2.5
      }
    }
  ]
}