{
  "lat": 42.1571,
  "lon": -71.1586,
  "timezone": "America/New_York",
  "timezone_offset": -14400,
  "data": [
    {
      "dt": 1530893700,
      "sunrise": 1530868503,
      "sunset": 1530923002,
      "temp": 296.25,
      "feels_like": 297.07,
      "pressure": 1014,
      "humidity": 94,
      "dew_point": 295.23,
      "clouds": 100,
      "visibility": 4828,
      "wind_speed": 7.2,
      "wind_deg": 250,
      "wind_gust": 12.4,
      "weather": [
        {
          "id": 201,
          "main": "Thunderstorm",
          "description": "thunderstorm with rain",
          "icon": "11d"
        },
        {
          "id": 701,
          "main": "Mist",
          "description": "mist",
          "icon": "50d"
        },
        {
          "id": 501,
          "main": "Rain",
          "description": "moderate rain",
          "icon": "10d"
        }
      ],
      "rain": {
        "1h": 3.75
      }
    }
  ]
}