{
  "lat": 42.1571,
  "lon": -71.1586,
  "timezone": "America/New_York",
  "timezone_offset": -18000,
  "data": [
    {
      "dt": 1541885400,
      "sunrise": 1541849327,
      "sunset": 1541885306,
      "temp": 279.14,
      "feels_like": 273.49,
      "pressure": 1013,
      "humidity": 32,
      "dew_point": 264.74,
      "clouds": 0,
      "visibility": 10000,
      "wind_speed": 12.4,
      "wind_deg": 280,
      "wind_gust": 20.1,
      "weather": [
        {
          "id": 800,
          "main": "Clear",
          "description": "clear sky",
          "icon": "01n"
        }
      ]
    }
  ]
}