{
  "lat": 42.1571,
  "lon": -71.1586,
  "timezone": "America/New_York",
  "timezone_offset": -14400,
  "data": [
    {
      "dt": 1525815900,
      "sunrise": 1525771883,
      "sunset": 1525823451,
      "temp": 296,
      "feels_like": 295.12,
      "pressure": 1022,
      "humidity": 30,
      "dew_point": 277.53,
      "clouds": 0,
      "visibility": 10000,
      "wind_speed": 5.14,
      "wind_deg": 150,
      "weather": [
        {
          "id": 800,
          "main": "Clear",
          "description": "clear sky",
          "icon": "01d"
        }
      ]
    }
  ]
}