{
  "lat": 42.1571,
  "lon": -71.1586,
  "timezone": "America/New_York",
  "timezone_offset": -14400,
  "data": [
    {
      "dt": 1520956800,
      "sunrise": 1520938803,
      "sunset": 1520981298,
      "temp": 271.93,
      "feels_like": 265.15,
      "pressure": 997,
      "humidity": 100,
      "dew_point": 271.93,
      "clouds": 100,
      "visibility": 402,
      "wind_speed": 8.23,
      "wind_deg": 350,
      "wind_gust": 13.89,
      "weather": [
        {
          "id": 601,
          "main": "Snow",
          "description": "snow",
          "icon": "13d"
        },
        {
          "id": 741,
          "main": "Fog",
          "description": "fog",
          "icon": "50d"
        }
      ],
      "snow": {
        "1h": 0.5
      }
    }
  ]
}