{
  "lat": 42.1571,
  "lon": -71.1586,
  "timezone": "America/New_York",
  "timezone_offset": -18000,
  "data": [
    {
      "dt": 1519511400,
      "sunrise": 1519471674,
      "sunset": 1519511288,
      "temp": 282.45,
      "feels_like": 282.45,
      "pressure": 1021,
      "humidity": 50,
      "dew_point": 272.64,
      "clouds": 100,
      "visibility": 10000,
      "wind_speed": 0,
      "wind_deg": 0,
      "weather": [
        {
          "id": 804,
          "main": "Clouds",
          "description": "overcast clouds",
          "icon": "04n"
        }
      ]
    }
  ]
}