{
  "lat": 42.1571,
  "lon": -71.1586,
  "timezone": "America/New_York",
  "timezone_offset": -14400,
  "data": [
    {
      "dt": 1534524300,
      "sunrise": 1534499666,
      "sunset": 1534549395,
      "temp": 303.9,
      "feels_like": 306.57,
      "pressure": 1017,
      "humidity": 56,
      "dew_point": 294.11,
      "clouds": 0,
      "visibility": 10000,
      "wind_speed": 3.1,
      "wind_deg": 60,
      "weather": [
        {
          "id": 500,
          "main": "Rain",
          "description": "light rain",
          "icon": "10d"
        }
      ],
      "rain": {
        "1h": 0.11
      }
    }
  ]
}