{
  "lat": 42.1571,
  "lon": -71.1586,
  "timezone": "America/New_York",
  "timezone_offset": -14400,
  "data": [
    {
      "dt": 1538247600,
      "sunrise": 1538217562,
      "sunset": 1538260224,
      "temp": 295.86,
      "feels_like": 295.41,
      "pressure": 1020,
      "humidity": 47,
      "dew_point": 283.98,
      "clouds": 75,
      "visibility": 10000,
      "wind_speed": 2.6,
      "wind_deg": 0,
      "weather": [
        {
          "id": 803,
          "main": "Clouds",
          "description": "broken clouds",
          "icon": "04d"
        }
      ]
    }
  ]
}