{
  "lat": 42.1571,
  "lon": -71.1586,
  "timezone": "America/New_York",
  "timezone_offset": -14400,
  "data": [
    {
      "dt": 1540755000,
      "sunrise": 1540725152,
      "sunset": 1540763045,
      "temp": 286.25,
      "feels_like": 285.47,
      "pressure": 1007,
      "humidity": 71,
      "dew_point": 281.12,
      "clouds": 75,
      "visibility": 10000,
      "wind_speed": 3.6,
      "wind_deg": 260,
      "weather": [
        {
          "id": 803,
          "main": "Clouds",
          "description": "broken clouds",
          "icon": "04d"
        }
      ]
    }
  ]
}