{
  "lat": 42.1571,
  "lon": -71.1586,
  "timezone": "America/New_York",
  "timezone_offset": -14400,
  "data": [
    {
      "dt": 1532638800,
      "sunrise": 1532597497,
      "sunset": 1532650224,
      "temp": 297.29,
      "feels_like": 298.16,
      "pressure": 1011,
      "humidity": 92,
      "dew_point": 295.91,
      "clouds": 100,
      "visibility": 402,
      "wind_speed": 4.1,
      "wind_deg": 240,
      "weather": [
        {
          "id": 502,
          "main": "Rain",
          "description": "heavy intensity rain",
          "icon": "10d"
        },
        {
          "id": 741,
          "main": "Fog",
          "description": "fog",
          "icon": "50d"
        }
      ],
      "rain": {
        "1h": 3.61,
        "3h": 14
      }
    }
  ]
}