{
  "lat": 42.1571,
  "lon": -71.1586,
  "timezone": "America/New_York",
  "timezone_offset": -18000,
  "data": [
    {
      "dt": 1544026500,
      "sunrise": 1544011071,
      "sunset": 1544044384,
      "temp": 273.9,
      "feels_like": 270.92,
      "pressure": 1019,
      "humidity": 42,
      "dew_point": 263.63,
      "clouds": 20,
      "visibility": 10000,
      "wind_speed": 2.6,
      "wind_deg": 300,
      "weather": [
        {
          "id": 801,
          "main": "Clouds",
          "description": "few clouds",
          "icon": "02d"
        }
      ]
    }
  ]
}