{
  "lat": 42.1571,
  "lon": -71.1586,
  "timezone": "America/New_York",
  "timezone_offset": -14400,
  "data": [
    {
      "dt": 1536160500,
      "sunrise": 1536142463,
      "sunset": 1536189161,
      "temp": 302.05,
      "feels_like": 304.96,
      "pressure": 1024,
      "humidity": 66,
      "dew_point": 295.06,
      "clouds": 0,
      "visibility": 10000,
      "wind_speed": 5.14,
      "wind_deg": 200,
      "weather": [
        {
          "id": 800,
          "main": "Clear",
          "description": "clear sky",
          "icon": "01d"
        }
      ]
    }
  ]
}