{
  "lat": 42.1571,
  "lon": -71.1586,
  "timezone": "America/New_York",
  "timezone_offset": -18000,
  "data": [
    {
      "dt": 1543436100,
      "sunrise": 1543405831,
      "sunset": 1543439707,
      "temp": 279.95,
      "feels_like": 276.45,
      "pressure": 992,
      "humidity": 54,
      "dew_point": 271.52,
      "clouds": 100,
      "visibility": 10000,
      "wind_speed": 5.7,
      "wind_deg": 290,
      "weather": [
        {
          "id": 804,
          "main": "Clouds",
          "description": "overcast clouds",
          "icon": "04d"
        }
      ]
    }
  ]
}