{
  "lat": 42.1571,
  "lon": -71.1586,
  "timezone": "America/New_York",
  "timezone_offset": -14400,
  "data": [
    {
      "dt": 1529355600,
      "sunrise": 1529312889,
      "sunset": 1529367806,
      "temp": 305.19,
      "feels_like": 308.08,
      "pressure": 1008,
      "humidity": 52,
      "dew_point": 294.1,
      "clouds": 0,
      "visibility": 10000,
      "wind_speed": 9.3,
      "wind_deg": 200,
      "wind_gust": 17,
      "weather": [
        {
          "id": 800,
          "main": "Clear",
          "description": "clear sky",
          "icon": "01d"
        }
      ]
    }
  ]
}