{
  "lat": 42.1571,
  "lon": -71.1586,
  "timezone": "America/New_York",
  "timezone_offset": -18000,
  "data": [
    {
      "dt": 1545255900,
      "sunrise": 1545221330,
      "sunset": 1545254083,
      "temp": 274.13,
      "feels_like": 270.37,
      "pressure": 1018,
      "humidity": 48,
      "dew_point": 265.33,
      "clouds": 0,
      "visibility": 10000,
      "wind_speed": 3.58,
      "wind_deg": 222,
      "wind_gust": 5.36,
      "weather": [
        {
          "id": 800,
          "main": "Clear",
          "description": "clear sky",
          "icon": "01n"
        }
      ]
    }
  ]
}