{
  "lat": 42.1571,
  "lon": -71.1586,
  "timezone": "America/New_York",
  "timezone_offset": -18000,
  "data": [
    {
      "dt": 1545671700,
      "sunrise": 1545653474,
      "sunset": 1545686227,
      "temp": 275.36,
      "feels_like": 272.58,
      "pressure": 1015,
      "humidity": 71,
      "dew_point": 270.94,
      "clouds": 100,
      "visibility": 10000,
      "wind_speed": 2.68,
      "wind_deg": 266,
      "wind_gust": 4.47,
      "weather": [
        {
          "id": 804,
          "main": "Clouds",
          "description": "overcast clouds",
          "icon": "04d"
        }
      ]
    }
  ]
}