{
  "lat": 42.1571,
  "lon": -71.1586,
  "timezone": "America/New_York",
  "timezone_offset": -14400,
  "data": [
    {
      "dt": 1523724300,
      "sunrise": 1523700319,
      "sunset": 1523748241,
      "temp": 286,
      "feels_like": 284.78,
      "pressure": 1019,
      "humidity": 55,
      "dew_point": 277.19,
      "clouds": 100,
      "visibility": 10000,
      "wind_speed": 7.72,
      "wind_deg": 60,
      "wind_gust": 10.8,
      "weather": [
        {
          "id": 804,
          "main": "Clouds",
          "description": "overcast clouds",
          "icon": "04d"
        }
      ]
    }
  ]
}