{
  "lat": 42.1571,
  "lon": -71.1586,
  "timezone": "America/New_York",
  "timezone_offset": -14400,
  "data": [
    {
      "dt": 1540765800,
      "sunrise": 1540725152,
      "sunset": 1540763045,
      "temp": 284.15,
      "feels_like": 283.42,
      "pressure": 1008,
      "humidity": 81,
      "dew_point": 281.02,
      "clouds": 100,
      "visibility": 10000,
      "wind_speed": 4.12,
      "wind_deg": 270,
      "weather": [
        {
          "id": 804,
          "main": "Clouds",
          "description": "overcast clouds",
          "icon": "04n"
        }
      ]
    }
  ]
}