{
  "lat": 42.1571,
  "lon": -71.1586,
  "timezone": "America/New_York",
  "timezone_offset": -14400,
  "data": [
    {
      "dt": 1524934800,
      "sunrise": 1524908653,
      "sunset": 1524958785,
      "temp": 294.95,
      "feels_like": 294.28,
      "pressure": 1009,
      "humidity": 42,
      "dew_point": 281.48,
      "clouds": 20,
      "visibility": 10000,
      "wind_speed": 5.14,
      "wind_deg": 200,
      "wind_gust": 7.2,
      "weather": [
        {
          "id": 801,
          "main": "Clouds",
          "description": "few clouds",
          "icon": "02d"
        }
      ]
    }
  ]
}