{
  "lat": 42.1571,
  "lon": -71.1586,
  "timezone": "America/New_York",
  "timezone_offset": -14400,
  "data": [
    {
      "dt": 1537642800,
      "sunrise": 1537612319,
      "sunset": 1537656166,
      "temp": 294.5,
      "feels_like": 293.89,
      "pressure": 1019,
      "humidity": 46,
      "dew_point": 282.42,
      "clouds": 0,
      "visibility": 10000,
      "wind_speed": 3.1,
      "wind_deg": 320,
      "weather": [
        {
          "id": 800,
          "main": "Clear",
          "description": "clear sky",
          "icon": "01d"
        }
      ]
    }
  ]
}