{
  "lat": 42.1571,
  "lon": -71.1586,
  "timezone": "America/New_York",
  "timezone_offset": -18000,
  "data": [
    {
      "dt": 1545075900,
      "sunrise": 1545048457,
      "sunset": 1545081241,
      "temp": 277.58,
      "feels_like": 273.04,
      "pressure": 999,
      "humidity": 77,
      "dew_point": 273.91,
      "clouds": 75,
      "visibility": 10000,
      "wind_speed": 6.71,
      "wind_deg": 302,
      "wind_gust": 9.39,
      "weather": [
        {
          "id": 803,
          "main": "Clouds",
          "description": "broken clouds",
          "icon": "04d"
        }
      ]
    }
  ]
}