{
  "lat": 42.1571,
  "lon": -71.1586,
  "timezone": "America/New_York",
  "timezone_offset": -14400,
  "data": [
    {
      "dt": 1521475200,
      "sunrise": 1521456580,
      "sunset": 1521500106,
      "temp": 272.83,
      "feels_like": 267.19,
      "pressure": 1013,
      "humidity": 28,
      "dew_point": 258.24,
      "clouds": 0,
      "visibility": 10000,
      "wind_speed": 6.2,
      "wind_deg": 280,
      "weather": [
        {
          "id": 800,
          "main": "Clear",
          "description": "clear sky",
          "icon": "01d"
        }
      ]
    }
  ]
}