{
  "lat": 42.1571,
  "lon": -71.1586,
  "timezone": "America/New_York",
  "timezone_offset": -18000,
  "data": [
    {
      "dt": 1515697200,
      "sunrise": 1515672722,
      "sunset": 1515706362,
      "temp": 284.96,
      "feels_like": 284.18,
      "pressure": 1026,
      "humidity": 76,
      "dew_point": 280.87,
      "clouds": 75,
      "visibility": 10000,
      "wind_speed": 8.8,
      "wind_deg": 200,
      "wind_gust": 12.4,
      "weather": [
        {
          "id": 803,
          "main": "Clouds",
          "description": "broken clouds",
          "icon": "04d"
        }
      ]
    }
  ]
}