{
  "lat": 42.1571,
  "lon": -71.1586,
  "timezone": "America/New_York",
  "timezone_offset": -18000,
  "data": [
    {
      "dt": 1544737500,
      "sunrise": 1544702689,
      "sunset": 1544735584,
      "temp": 274.15,
      "feels_like": 271.21,
      "pressure": 1034,
      "humidity": 59,
      "dew_point": 267.73,
      "clouds": 100,
      "visibility": 10000,
      "wind_speed": 2.6,
      "wind_deg": 90,
      "weather": [
        {
          "id": 804,
          "main": "Clouds",
          "description": "overcast clouds",
          "icon": "04n"
        }
      ]
    }
  ]
}