{
  "lat": 42.1571,
  "lon": -71.1586,
  "timezone": "America/New_York",
  "timezone_offset": -18000,
  "data": [
    {
      "dt": 1519233300,
      "sunrise": 1519212745,
      "sunset": 1519251865,
      "temp": 293.91,
      "feels_like": 293.76,
      "pressure": 1022,
      "humidity": 66,
      "dew_point": 287.33,
      "clouds": 0,
      "visibility": 10000,
      "wind_speed": 8.8,
      "wind_deg": 200,
      "wind_gust": 10.8,
      "weather": [
        {
          "id": 800,
          "main": "Clear",
          "description": "clear sky",
          "icon": "01d"
        }
      ]
    }
  ]
}