{
  "lat": 42.1571,
  "lon": -71.1586,
  "timezone": "America/New_York",
  "timezone_offset": -18000,
  "data": [
    {
      "dt": 1542219300,
      "sunrise": 1542195228,
      "sunset": 1542230673,
      "temp": 276,
      "feels_like": 270.26,
      "pressure": 1026,
      "humidity": 25,
      "dew_point": 259.53,
      "clouds": 0,
      "visibility": 10000,
      "wind_speed": 8.8,
      "wind_deg": 280,
      "wind_gust": 14.9,
      "weather": [
        {
          "id": 800,
          "main": "Clear",
          "description": "clear sky",
          "icon": "01d"
        }
      ]
    }
  ]
}