{
  "lat": 42.1571,
  "lon": -71.1586,
  "timezone": "America/New_York",
  "timezone_offset": -14400,
  "data": [
    {
      "dt": 1529252100,
      "sunrise": 1529226484,
      "sunset": 1529281387,
      "temp": 303.1,
      "feels_like": 301.93,
      "pressure": 1018,
      "humidity": 31,
      "dew_point": 284.15,
      "clouds": 0,
      "visibility": 10000,
      "wind_speed": 1.54,
      "wind_deg": 0,
      "weather": [
        {
          "id": 800,
          "main": "Clear",
          "description": "clear sky",
          "icon": "01d"
        }
      ]
    }
  ]
}