{
  "lat": 42.1571,
  "lon": -71.1586,
  "timezone": "America/New_York",
  "timezone_offset": -18000,
  "data": [
    {
      "dt": 1520111700,
      "sunrise": 1520075809,
      "sunset": 1520116598,
      "temp": 279.29,
      "feels_like": 275.23,
      "pressure": 1016,
      "humidity": 53,
      "dew_point": 270.75,
      "clouds": 100,
      "visibility": 10000,
      "wind_speed": 6.7,
      "wind_deg": 40,
      "wind_gust": 13.4,
      "weather": [
        {
          "id": 804,
          "main": "Clouds",
          "description": "overcast clouds",
          "icon": "04d"
        }
      ]
    }
  ]
}