{
  "lat": 42.1571,
  "lon": -71.1586,
  "timezone": "America/New_York",
  "timezone_offset": -14400,
  "data": [
    {
      "dt": 1536077700,
      "sunrise": 1536056001,
      "sunset": 1536102864,
      "temp": 304.95,
      "feels_like": 306.48,
      "pressure": 1023,
      "humidity": 47,
      "dew_point": 292.25,
      "clouds": 0,
      "visibility": 10000,
      "wind_speed": 4.12,
      "wind_deg": 80,
      "weather": [
        {
          "id": 800,
          "main": "Clear",
          "description": "clear sky",
          "icon": "01d"
        }
      ]
    }
  ]
}