{
  "lat": 42.1571,
  "lon": -71.1586,
  "timezone": "America/New_York",
  "timezone_offset": -14400,
  "data": [
    {
      "dt": 1525881600,
      "sunrise": 1525858214,
      "sunset": 1525909917,
      "temp": 297.05,
      "feels_like": 296.57,
      "pressure": 1021,
      "humidity": 41,
      "dew_point": 283.01,
      "clouds": 0,
      "visibility": 10000,
      "wind_speed": 3.6,
      "wind_deg": 70,
      "weather": [
        {
          "id": 800,
          "main": "Clear",
          "description": "clear sky",
          "icon": "01d"
        }
      ]
    }
  ]
}