{
  "lat": 42.1571,
  "lon": -71.1586,
  "timezone": "America/New_York",
  "timezone_offset": -14400,
  "data": [
    {
      "dt": 1528308900,
      "sunrise": 1528276159,
      "sunset": 1528330657,
      "temp": 292.05,
      "feels_like": 291.56,
      "pressure": 1012,
      "humidity": 60,
      "dew_point": 284.12,
      "clouds": 75,
      "visibility": 10000,
      "wind_speed": 2.1,
      "wind_deg": 350,
      "weather": [
        {
          "id": 803,
          "main": "Clouds",
          "description": "broken clouds",
          "icon": "04d"
        }
      ]
    }
  ]
}