{
  "lat": 42.1571,
  "lon": -71.1586,
  "timezone": "America/New_York",
  "timezone_offset": -14400,
  "data": [
    {
      "dt": 1524592800,
      "sunrise": 1524563396,
      "sunset": 1524612915,
      "temp": 291.91,
      "feels_like": 290.55,
      "pressure": 1027,
      "humidity": 27,
      "dew_point": 272.61,
      "clouds": 0,
      "visibility": 10000,
      "wind_speed": 8.2,
      "wind_deg": 190,
      "wind_gust": 12.4,
      "weather": [
        {
          "id": 800,
          "main": "Clear",
          "description": "clear sky",
          "icon": "01d"
        }
      ]
    }
  ]
}