{
  "lat": 42.1571,
  "lon": -71.1586,
  "timezone": "America/New_York",
  "timezone_offset": -14400,
  "data": [
    {
      "dt": 1523305800,
      "sunrise": 1523268810,
      "sunset": 1523315906,
      "temp": 282.05,
      "feels_like": 279.1,
      "pressure": 1020,
      "humidity": 20,
      "dew_point": 261.69,
      "clouds": 0,
      "visibility": 10000,
      "wind_speed": 5.7,
      "wind_deg": 270,
      "weather": [
        {
          "id": 800,
          "main": "Clear",
          "description": "clear sky",
          "icon": "01d"
        }
      ]
    }
  ]
}