{
  "lat": 42.1571,
  "lon": -71.1586,
  "timezone": "America/New_York",
  "timezone_offset": -14400,
  "data": [
    {
      "dt": 1535736600,
      "sunrise": 1535710151,
      "sunset": 1535757669,
      "temp": 297.05,
      "feels_like": 296.98,
      "pressure": 1026,
      "humidity": 57,
      "dew_point": 288.02,
      "clouds": 20,
      "visibility": 10000,
      "wind_speed": 5.7,
      "wind_deg": 40,
      "weather": [
        {
          "id": 801,
          "main": "Clouds",
          "description": "few clouds",
          "icon": "02d"
        }
      ]
    }
  ]
}