{
  "lat": 42.1571,
  "lon": -71.1586,
  "timezone": "America/New_York",
  "timezone_offset": -18000,
  "data": [
    {
      "dt": 1516305600,
      "sunrise": 1516277338,
      "sunset": 1516311646,
      "temp": 274.14,
      "feels_like": 269.39,
      "pressure": 1011,
      "humidity": 55,
      "dew_point": 266.91,
      "clouds": 0,
      "visibility": 10000,
      "wind_speed": 5.14,
      "wind_deg": 320,
      "wind_gust": 9.26,
      "weather": [
        {
          "id": 800,
          "main": "Clear",
          "description": "clear sky",
          "icon": "01d"
        }
      ]
    }
  ]
}