{
  "lat": 42.1571,
  "lon": -71.1586,
  "timezone": "America/New_York",
  "timezone_offset": -14400,
  "data": [
    {
      "dt": 1527710400,
      "sunrise": 1527671535,
      "sunset": 1527725548,
      "temp": 297.54,
      "feels_like": 297.42,
      "pressure": 1020,
      "humidity": 53,
      "dew_point": 287.35,
      "clouds": 0,
      "visibility": 10000,
      "wind_speed": 4.12,
      "wind_deg": 20,
      "weather": [
        {
          "id": 800,
          "main": "Clear",
          "description": "clear sky",
          "icon": "01d"
        }
      ]
    }
  ]
}