{
  "lat": 42.1571,
  "lon": -71.1586,
  "timezone": "America/New_York",
  "timezone_offset": -14400,
  "data": [
    {
      "dt": 1533245400,
      "sunrise": 1533202719,
      "sunset": 1533254581,
      "temp": 306,
      "feels_like": 310.01,
      "pressure": 1017,
      "humidity": 53,
      "dew_point": 295.16,
      "clouds": 20,
      "visibility": 10000,
      "wind_speed": 6.7,
      "wind_deg": 210,
      "wind_gust": 9.8,
      "weather": [
        {
          "id": 801,
          "main": "Clouds",
          "description": "few clouds",
          "icon": "02d"
        }
      ]
    }
  ]
}