{
  "lat": 42.1571,
  "lon": -71.1586,
  "timezone": "America/New_York",
  "timezone_offset": -14400,
  "data": [
    {
      "dt": 1524324600,
      "sunrise": 1524304463,
      "sunset": 1524353512,
      "temp": 285.2,
      "feels_like": 283.3,
      "pressure": 1025,
      "humidity": 32,
      "dew_point": 269.49,
      "clouds": 0,
      "visibility": 10000,
      "wind_speed": 6.2,
      "wind_deg": 280,
      "wind_gust": 9.8,
      "weather": [
        {
          "id": 800,
          "main": "Clear",
          "description": "clear sky",
          "icon": "01d"
        }
      ]
    }
  ]
}