{
  "lat": 42.1571,
  "lon": -71.1586,
  "timezone": "America/New_York",
  "timezone_offset": -18000,
  "data": [
    {
      "dt": 1516986900,
      "sunrise": 1516968201,
      "sunset": 1517003446,
      "temp": 272.29,
      "feels_like": 267.39,
      "pressure": 1038,
      "humidity": 26,
      "dew_point": 256.96,
      "clouds": 0,
      "visibility": 10000,
      "wind_speed": 4.63,
      "wind_deg": 320,
      "wind_gust": 7.2,
      "weather": [
        {
          "id": 800,
          "main": "Clear",
          "description": "clear sky",
          "icon": "01d"
        }
      ]
    }
  ]
}