{
  "lat": 42.1571,
  "lon": -71.1586,
  "timezone": "America/New_York",
  "timezone_offset": -14400,
  "data": [
    {
      "dt": 1534005900,
      "sunrise": 1533980884,
      "sunset": 1534031504,
      "temp": 296.1,
      "feels_like": 296.77,
      "pressure": 1017,
      "humidity": 89,
      "dew_point": 294.19,
      "clouds": 100,
      "visibility": 10000,
      "wind_speed": 4.12,
      "wind_deg": 100,
      "weather": [
        {
          "id": 500,
          "main": "Rain",
          "description": "light rain",
          "icon": "10d"
        }
      ],
      "rain": {
        "1h": 0.5
      }
    }
  ]
}