{
  "lat": 42.1571,
  "lon": -71.1586,
  "timezone": "America/New_York",
  "timezone_offset": -18000,
  "data": [
    {
      "dt": 1544652900,
      "sunrise": 1544616243,
      "sunset": 1544649176,
      "temp": 274.14,
      "feels_like": 269.1,
      "pressure": 1021,
      "humidity": 40,
      "dew_point": 263.27,
      "clouds": 0,
      "visibility": 10000,
      "wind_speed": 5.7,
      "wind_deg": 330,
      "wind_gust": 9.8,
      "weather": [
        {
          "id": 800,
          "main": "Clear",
          "description": "clear sky",
          "icon": "01n"
        }
      ]
    }
  ]
}