{
  "lat": 42.1571,
  "lon": -71.1586,
  "timezone": "America/New_York",
  "timezone_offset": -18000,
  "data": [
    {
      "dt": 1544555700,
      "sunrise": 1544529795,
      "sunset": 1544562770,
      "temp": 277.05,
      "feels_like": 273.59,
      "pressure": 1016,
      "humidity": 41,
      "dew_point": 265.91,
      "clouds": 0,
      "visibility": 10000,
      "wind_speed": 4.12,
      "wind_deg": 210,
      "weather": [
        {
          "id": 800,
          "main": "Clear",
          "description": "clear sky",
          "icon": "01d"
        }
      ]
    }
  ]
}