{
  "lat": 42.1571,
  "lon": -71.1586,
  "timezone": "America/New_York",
  "timezone_offset": -14400,
  "data": [
    {
      "dt": 1532105100,
      "sunrise": 1532078759,
      "sunset": 1532132137,
      "temp": 302.3,
      "feels_like": 301.41,
      "pressure": 1021,
      "humidity": 34,
      "dew_point": 284.85,
      "clouds": 0,
      "visibility": 10000,
      "wind_speed": 4.12,
      "wind_deg": 50,
      "wind_gust": 7.2,
      "weather": [
        {
          "id": 800,
          "main": "Clear",
          "description": "clear sky",
          "icon": "01d"
        }
      ]
    }
  ]
}