{
  "lat": 42.1571,
  "lon": -71.1586,
  "timezone": "America/New_York",
  "timezone_offset": -14400,
  "data": [
    {
      "dt": 1525979700,
      "sunrise": 1525944546,
      "sunset": 1525996382,
      "temp": 297.29,
      "feels_like": 296.96,
      "pressure": 1010,
      "humidity": 46,
      "dew_point": 284.96,
      "clouds": 0,
      "visibility": 10000,
      "wind_speed": 9.8,
      "wind_deg": 190,
      "wind_gust": 13.9,
      "weather": [
        {
          "id": 800,
          "main": "Clear",
          "description": "clear sky",
          "icon": "01d"
        }
      ]
    }
  ]
}