{
  "lat": 42.1571,
  "lon": -71.1586,
  "timezone": "America/New_York",
  "timezone_offset": -18000,
  "data": [
    {
      "dt": 1515781800,
      "sunrise": 1515759102,
      "sunset": 1515792828,
      "temp": 288.91,
      "feels_like": 288.89,
      "pressure": 1011,
      "humidity": 90,
      "dew_point": 287.27,
      "clouds": 100,
      "visibility": 804,
      "wind_speed": 10.8,
      "wind_deg": 190,
      "wind_gust": 14.9,
      "weather": [
        {
          "id": 701,
          "main": "Mist",
          "description": "mist",
          "icon": "50d"
        },
        {
          "id": 501,
          "main": "Rain",
          "description": "moderate rain",
          "icon": "10d"
        }
      ],
      "rain": {
        "1h": 1.45
      }
    }
  ]
}