{
  "lat": 42.1571,
  "lon": -71.1586,
  "timezone": "America/New_York",
  "timezone_offset": -14400,
  "data": [
    {
      "dt": 1537911900,
      "sunrise": 1537871707,
      "sunset": 1537915047,
      "temp": 291.38,
      "feels_like": 291.71,
      "pressure": 1024,
      "humidity": 94,
      "dew_point": 290.4,
      "clouds": 100,
      "visibility": 10000,
      "wind_speed": 4.12,
      "wind_deg": 130,
      "weather": [
        {
          "id": 500,
          "main": "Rain",
          "description": "light rain",
          "icon": "10d"
        }
      ],
      "rain": {
        "1h": 0.7
      }
    }
  ]
}