{
  "lat": 42.1571,
  "lon": -71.1586,
  "timezone": "America/New_York",
  "timezone_offset": -14400,
  "data": [
    {
      "dt": 1527358500,
      "sunrise": 1527326080,
      "sunset": 1527379743,
      "temp": 305.2,
      "feels_like": 304.27,
      "pressure": 1008,
      "humidity": 32,
      "dew_point": 286.45,
      "clouds": 0,
      "visibility": 10000,
      "wind_speed": 3.6,
      "wind_deg": 260,
      "weather": [
        {
          "id": 800,
          "main": "Clear",
          "description": "clear sky",
          "icon": "01d"
        }
      ]
    }
  ]
}