{
  "lat": 42.1571,
  "lon": -71.1586,
  "timezone": "America/New_York",
  "timezone_offset": -14400,
  "data": [
    {
      "dt": 1530467100,
      "sunrise": 1530436332,
      "sunset": 1530491070,
      "temp": 308.91,
      "feels_like": 314.83,
      "pressure": 1015,
      "humidity": 48,
      "dew_point": 296.19,
      "clouds": 40,
      "visibility": 10000,
      "wind_speed": 3.6,
      "wind_deg": 50,
      "weather": [
        {
          "id": 802,
          "main": "Clouds",
          "description": "scattered clouds",
          "icon": "03d"
        }
      ]
    }
  ]
}