{
  "lat": 42.1571,
  "lon": -71.1586,
  "timezone": "America/New_York",
  "timezone_offset": -14400,
  "data": [
    {
      "dt": 1534704300,
      "sunrise": 1534672593,
      "sunset": 1534722017,
      "temp": 296,
      "feels_like": 296.06,
      "pressure": 1017,
      "humidity": 66,
      "dew_point": 289.32,
      "clouds": 75,
      "visibility": 10000,
      "wind_speed": 6.7,
      "wind_deg": 50,
      "wind_gust": 11.3,
      "weather": [
        {
          "id": 803,
          "main": "Clouds",
          "description": "broken clouds",
          "icon": "04d"
        }
      ]
    }
  ]
}