{
  "lat": 42.1571,
  "lon": -71.1586,
  "timezone": "America/New_York",
  "timezone_offset": -14400,
  "data": [
    {
      "dt": 1535041800,
      "sunrise": 1535018447,
      "sunset": 1535067248,
      "temp": 296.63,
      "feels_like": 296.39,
      "pressure": 1013,
      "humidity": 52,
      "dew_point": 286.22,
      "clouds": 0,
      "visibility": 10000,
      "wind_speed": 3.6,
      "wind_deg": 330,
      "weather": [
        {
          "id": 800,
          "main": "Clear",
          "description": "clear sky",
          "icon": "01d"
        }
      ]
    }
  ]
}