{
  "lat": 42.1571,
  "lon": -71.1586,
  "timezone": "America/New_York",
  "timezone_offset": -14400,
  "data": [
    {
      "dt": 1540311300,
      "sunrise": 1540292788,
      "sunset": 1540331469,
      "temp": 286.25,
      "feels_like": 285.47,
      "pressure": 1019,
      "humidity": 71,
      "dew_point": 281.12,
      "clouds": 100,
      "visibility": 10000,
      "wind_speed": 4.63,
      "wind_deg": 160,
      "weather": [
        {
          "id": 500,
          "main": "Rain",
          "description": "light rain",
          "icon": "10d"
        }
      ],
      "rain": {
        "1h": 0.12
      }
    }
  ]
}