{
  "lat": 42.1571,
  "lon": -71.1586,
  "timezone": "America/New_York",
  "timezone_offset": -18000,
  "data": [
    {
      "dt": 1518544800,
      "sunrise": 1518522220,
      "sunset": 1518560054,
      "temp": 273.9,
      "feels_like": 271.45,
      "pressure": 1043,
      "humidity": 28,
      "dew_point": 259.12,
      "clouds": 0,
      "visibility": 10000,
      "wind_speed": 2.1,
      "wind_deg": 0,
      "weather": [
        {
          "id": 800,
          "main": "Clear",
          "description": "clear sky",
          "icon": "01d"
        }
      ]
    }
  ]
}