{
  "lat": 42.1571,
  "lon": -71.1586,
  "timezone": "America/New_York",
  "timezone_offset": -18000,
  "data": [
    {
      "dt": 1543342500,
      "sunrise": 1543319364,
      "sunset": 1543353333,
      "temp": 279.94,
      "feels_like": 275.58,
      "pressure": 990,
      "humidity": 77,
      "dew_point": 276.2,
      "clouds": 40,
      "visibility": 10000,
      "wind_speed": 8.23,
      "wind_deg": 260,
      "wind_gust": 13.89,
      "weather": [
        {
          "id": 802,
          "main": "Clouds",
          "description": "scattered clouds",
          "icon": "03d"
        }
      ]
    }
  ]
}