{
  "lat": 42.1571,
  "lon": -71.1586,
  "timezone": "America/New_York",
  "timezone_offset": -14400,
  "data": [
    {
      "dt": 1531411200,
      "sunrise": 1531387156,
      "sunset": 1531441251,
      "temp": 299.15,
      "feels_like": 299.15,
      "pressure": 1022,
      "humidity": 41,
      "dew_point": 284.89,
      "clouds": 0,
      "visibility": 10000,
      "wind_speed": 4.12,
      "wind_deg": 90,
      "weather": [
        {
          "id": 800,
          "main": "Clear",
          "description": "clear sky",
          "icon": "01d"
        }
      ]
    }
  ]
}