{
  "lat": 42.1571,
  "lon": -71.1586,
  "timezone": "America/New_York",
  "timezone_offset": -18000,
  "data": [
    {
      "dt": 1543611600,
      "sunrise": 1543578763,
      "sunset": 1543612460,
      "temp": 278.9,
      "feels_like": 277.29,
      "pressure": 1017,
      "humidity": 57,
      "dew_point": 271.29,
      "clouds": 100,
      "visibility": 10000,
      "wind_speed": 2.1,
      "wind_deg": 230,
      "weather": [
        {
          "id": 500,
          "main": "Rain",
          "description": "light rain",
          "icon": "10d"
        }
      ],
      "rain": {
        "1h": 0.14
      }
    }
  ]
}