{
  "lat": 42.1571,
  "lon": -71.1586,
  "timezone": "America/New_York",
  "timezone_offset": -18000,
  "data": [
    {
      "dt": 1516399200,
      "sunrise": 1516363703,
      "sunset": 1516398119,
      "temp": 274.95,
      "feels_like": 271,
      "pressure": 1014,
      "humidity": 52,
      "dew_point": 266.93,
      "clouds": 100,
      "visibility": 10000,
      "wind_speed": 4.12,
      "wind_deg": 250,
      "weather": [
        {
          "id": 804,
          "main": "Clouds",
          "description": "overcast clouds",
          "icon": "04n"
        }
      ]
    }
  ]
}