{
  "lat": 42.1571,
  "lon": -71.1586,
  "timezone": "America/New_York",
  "timezone_offset": -18000,
  "data": [
    {
      "dt": 1515706200,
      "sunrise": 1515672722,
      "sunset": 1515706362,
      "temp": 283.91,
      "feels_like": 283.23,
      "pressure": 1026,
      "humidity": 84,
      "dew_point": 281.32,
      "clouds": 40,
      "visibility": 10000,
      "wind_speed": 9.3,
      "wind_deg": 200,
      "wind_gust": 14.9,
      "weather": [
        {
          "id": 802,
          "main": "Clouds",
          "description": "scattered clouds",
          "icon": "03d"
        }
      ]
    }
  ]
}