{
  "lat": 42.1571,
  "lon": -71.1586,
  "timezone": "America/New_York",
  "timezone_offset": -14400,
  "data": [
    {
      "dt": 1541180700,
      "sunrise": 1541157524,
      "sunset": 1541194653,
      "temp": 293.9,
      "feels_like": 294.25,
      "pressure": 1007,
      "humidity": 85,
      "dew_point": 291.29,
      "clouds": 100,
      "visibility": 10000,
      "wind_speed": 8.8,
      "wind_deg": 200,
      "wind_gust": 13.4,
      "weather": [
        {
          "id": 701,
          "main": "Mist",
          "description": "mist",
          "icon": "50d"
        }
      ]
    }
  ]
}