{
  "lat": 42.1571,
  "lon": -71.1586,
  "timezone": "America/New_York",
  "timezone_offset": -18000,
  "data": [
    {
      "dt": 1518723000,
      "sunrise": 1518694859,
      "sunset": 1518733008,
      "temp": 283.9,
      "feels_like": 283.22,
      "pressure": 1007,
      "humidity": 84,
      "dew_point": 281.31,
      "clouds": 100,
      "visibility": 10000,
      "wind_speed": 5.14,
      "wind_deg": 240,
      "wind_gust": 7.2,
      "weather": [
        {
          "id": 804,
          "main": "Clouds",
          "description": "overcast clouds",
          "icon": "04d"
        }
      ]
    }
  ]
}