{
  "lat": 42.1571,
  "lon": -71.1586,
  "timezone": "America/New_York",
  "timezone_offset": -18000,
  "data": [
    {
      "dt": 1545764400,
      "sunrise": 1545739896,
      "sunset": 1545772662,
      "temp": 276.17,
      "feels_like": 271.67,
      "pressure": 1021,
      "humidity": 37,
      "dew_point": 264.03,
      "clouds": 0,
      "visibility": 10000,
      "wind_speed": 5.7,
      "wind_deg": 310,
      "weather": [
        {
          "id": 800,
          "main": "Clear",
          "description": "clear sky",
          "icon": "01d"
        }
      ]
    }
  ]
}