{
  "lat": 42.1571,
  "lon": -71.1586,
  "timezone": "America/New_York",
  "timezone_offset": -18000,
  "data": [
    {
      "dt": 1516644000,
      "sunrise": 1516622786,
      "sunset": 1516657541,
      "temp": 277.29,
      "feels_like": 274.55,
      "pressure": 1024,
      "humidity": 93,
      "dew_point": 276.26,
      "clouds": 100,
      "visibility": 804,
      "wind_speed": 3.1,
      "wind_deg": 50,
      "weather": [
        {
          "id": 701,
          "main": "Mist",
          "description": "mist",
          "icon": "50d"
        }
      ]
    }
  ]
}