{
  "lat": 42.1571,
  "lon": -71.1586,
  "timezone": "America/New_York",
  "timezone_offset": -18000,
  "data": [
    {
      "dt": 1542903300,
      "sunrise": 1542887016,
      "sunset": 1542921500,
      "temp": 266.25,
      "feels_like": 259.25,
      "pressure": 1027,
      "humidity": 38,
      "dew_point": 255.54,
      "clouds": 20,
      "visibility": 10000,
      "wind_speed": 9.26,
      "wind_deg": 300,
      "wind_gust": 16.46,
      "weather": [
        {
          "id": 801,
          "main": "Clouds",
          "description": "few clouds",
          "icon": "02d"
        }
      ]
    }
  ]
}