{
  "lat": 42.1571,
  "lon": -71.1586,
  "timezone": "America/New_York",
  "timezone_offset": -14400,
  "data": [
    {
      "dt": 1536766200,
      "sunrise": 1536747697,
      "sunset": 1536793230,
      "temp": 294.14,
      "feels_like": 294.64,
      "pressure": 1025,
      "humidity": 90,
      "dew_point": 292.44,
      "clouds": 100,
      "visibility": 10000,
      "wind_speed": 5.14,
      "wind_deg": 60,
      "wind_gust": 8.75,
      "weather": [
        {
          "id": 501,
          "main": "Rain",
          "description": "moderate rain",
          "icon": "10d"
        }
      ],
      "rain": {
        "1h": 1.34
      }
    }
  ]
}