{
  "lat": 42.1571,
  "lon": -71.1586,
  "timezone": "America/New_York",
  "timezone_offset": -14400,
  "data": [
    {
      "dt": 1524519900,
      "sunrise": 1524477084,
      "sunset": 1524526447,
      "temp": 291.24,
      "feels_like": 289.65,
      "pressure": 1029,
      "humidity": 21,
      "dew_point": 269.11,
      "clouds": 0,
      "visibility": 10000,
      "wind_speed": 5.7,
      "wind_deg": 140,
      "wind_gust": 8.2,
      "weather": [
        {
          "id": 800,
          "main": "Clear",
          "description": "clear sky",
          "icon": "01d"
        }
      ]
    }
  ]
}