{
  "lat": 42.1571,
  "lon": -71.1586,
  "timezone": "America/New_York",
  "timezone_offset": -14400,
  "data": [
    {
      "dt": 1529600400,
      "sunrise": 1529572117,
      "sunset": 1529627051,
      "temp": 301.25,
      "feels_like": 300.9,
      "pressure": 1008,
      "humidity": 40,
      "dew_point": 286.39,
      "clouds": 40,
      "visibility": 10000,
      "wind_speed": 5.14,
      "wind_deg": 80,
      "wind_gust": 7.72,
      "weather": [
        {
          "id": 802,
          "main": "Clouds",
          "description": "scattered clouds",
          "icon": "03d"
        }
      ]
    }
  ]
}