{
  "lat": 42.1571,
  "lon": -71.1586,
  "timezone": "America/New_York",
  "timezone_offset": -18000,
  "data": [
    {
      "dt": 1542059100,
      "sunrise": 1542022278,
      "sunset": 1542057986,
      "temp": 281,
      "feels_like": 278.45,
      "pressure": 1029,
      "humidity": 54,
      "dew_point": 272.38,
      "clouds": 0,
      "visibility": 10000,
      "wind_speed": 4.12,
      "wind_deg": 160,
      "weather": [
        {
          "id": 800,
          "main": "Clear",
          "description": "clear sky",
          "icon": "01n"
        }
      ]
    }
  ]
}