{
  "lat": 42.1571,
  "lon": -71.1586,
  "timezone": "America/New_York",
  "timezone_offset": -14400,
  "data": [
    {
      "dt": 1530896400,
      "sunrise": 1530868503,
      "sunset": 1530923002,
      "temp": 297.06,
      "feels_like": 297.83,
      "pressure": 1014,
      "humidity": 89,
      "dew_point": 295.14,
      "clouds": 100,
      "visibility": 6437,
      "wind_speed": 6.2,
      "wind_deg": 220,
      "weather": [
        {
          "id": 502,
          "main": "Rain",
          "description": "heavy intensity rain",
          "icon": "10d"
        },
        {
          "id": 701,
          "main": "Mist",
          "description": "mist",
          "icon": "50d"
        }
      ],
      "rain": {
        "1h": 5.45
      }
    }
  ]
}