{
  "lat": 42.1571,
  "lon": -71.1586,
  "timezone": "America/New_York",
  "timezone_offset": -18000,
  "data": [
    {
      "dt": 1543081500,
      "sunrise": 1543059957,
      "sunset": 1543094227,
      "temp": 281.25,
      "feels_like": 278.09,
      "pressure": 1019,
      "humidity": 53,
      "dew_point": 272.36,
      "clouds": 0,
      "visibility": 10000,
      "wind_speed": 5.7,
      "wind_deg": 240,
      "wind_gust": 8.8,
      "weather": [
        {
          "id": 800,
          "main": "Clear",
          "description": "clear sky",
          "icon": "01d"
        }
      ]
    }
  ]
}