{
  "lat": 42.1571,
  "lon": -71.1586,
  "timezone": "America/New_York",
  "timezone_offset": -14400,
  "data": [
    {
      "dt": 1538511300,
      "sunrise": 1538476954,
      "sunset": 1538519110,
      "temp": 291.18,
      "feels_like": 291.49,
      "pressure": 1019,
      "humidity": 94,
      "dew_point": 290.2,
      "clouds": 100,
      "visibility": 804,
      "wind_speed": 1.54,
      "wind_deg": 100,
      "weather": [
        {
          "id": 701,
          "main": "Mist",
          "description": "mist",
          "icon": "50d"
        }
      ]
    }
  ]
}