{
  "lat": 42.1571,
  "lon": -71.1586,
  "timezone": "America/New_York",
  "timezone_offset": -14400,
  "data": [
    {
      "dt": 1529595000,
      "sunrise": 1529572117,
      "sunset": 1529627051,
      "temp": 301.25,
      "feels_like": 301.05,
      "pressure": 1008,
      "humidity": 42,
      "dew_point": 287.14,
      "clouds": 0,
      "visibility": 10000,
      "wind_speed": 1.54,
      "wind_deg": 0,
      "weather": [
        {
          "id": 800,
          "main": "Clear",
          "description": "clear sky",
          "icon": "01d"
        }
      ]
    }
  ]
}