{
  "lat": 42.1571,
  "lon": -71.1586,
  "timezone": "America/New_York",
  "timezone_offset": -18000,
  "data": [
    {
      "dt": 1542393000,
      "sunrise": 1542368178,
      "sunset": 1542403368,
      "temp": 275.2,
      "feels_like": 270.46,
      "pressure": 1000,
      "humidity": 80,
      "dew_point": 272.24,
      "clouds": 100,
      "visibility": 10000,
      "wind_speed": 5.66,
      "wind_deg": 310,
      "wind_gust": 10.29,
      "weather": [
        {
          "id": 804,
          "main": "Clouds",
          "description": "overcast clouds",
          "icon": "04d"
        }
      ]
    }
  ]
}