{
  "lat": 42.1571,
  "lon": -71.1586,
  "timezone": "America/New_York",
  "timezone_offset": -14400,
  "data": [
    {
      "dt": 1529856000,
      "sunrise": 1529831362,
      "sunset": 1529886279,
      "temp": 297.3,
      "feels_like": 297.55,
      "pressure": 1010,
      "humidity": 68,
      "dew_point": 291.03,
      "clouds": 75,
      "visibility": 10000,
      "wind_speed": 4.12,
      "wind_deg": 200,
      "weather": [
        {
          "id": 803,
          "main": "Clouds",
          "description": "broken clouds",
          "icon": "04d"
        }
      ]
    }
  ]
}