{
  "lat": 42.1571,
  "lon": -71.1586,
  "timezone": "America/New_York",
  "timezone_offset": -18000,
  "data": [
    {
      "dt": 1546021800,
      "sunrise": 1545999150,
      "sunset": 1546031981,
      "temp": 283.93,
      "feels_like": 283.52,
      "pressure": 1015,
      "humidity": 94,
      "dew_point": 283,
      "clouds": 100,
      "visibility": 6437,
      "wind_speed": 10.3,
      "wind_deg": 190,
      "wind_gust": 16.5,
      "weather": [
        {
          "id": 501,
          "main": "Rain",
          "description": "moderate rain",
          "icon": "10d"
        },
        {
          "id": 701,
          "main": "Mist",
          "description": "mist",
          "icon": "50d"
        }
      ],
      "rain": {
        "1h": 0.67
      }
    }
  ]
}