{
  "lat": 42.1571,
  "lon": -71.1586,
  "timezone": "America/New_York",
  "timezone_offset": -14400,
  "data": [
    {
      "dt": 1524260700,
      "sunrise": 1524218154,
      "sunset": 1524267045,
      "temp": 284.15,
      "feels_like": 282.35,
      "pressure": 1020,
      "humidity": 40,
      "dew_point": 271.32,
      "clouds": 40,
      "visibility": 10000,
      "wind_speed": 8.8,
      "wind_deg": 310,
      "wind_gust": 15.4,
      "weather": [
        {
          "id": 802,
          "main": "Clouds",
          "description": "scattered clouds",
          "icon": "03d"
        }
      ]
    }
  ]
}