{
  "lat": 42.1571,
  "lon": -71.1586,
  "timezone": "America/New_York",
  "timezone_offset": -14400,
  "data": [
    {
      "dt": 1536182100,
      "sunrise": 1536142463,
      "sunset": 1536189161,
      "temp": 303.9,
      "feels_like": 307.24,
      "pressure": 1021,
      "humidity": 59,
      "dew_point": 294.96,
      "clouds": 0,
      "visibility": 10000,
      "wind_speed": 6.2,
      "wind_deg": 180,
      "wind_gust": 9.3,
      "weather": [
        {
          "id": 800,
          "main": "Clear",
          "description": "clear sky",
          "icon": "01d"
        }
      ]
    }
  ]
}