{
  "lat": 42.1571,
  "lon": -71.1586,
  "timezone": "America/New_York",
  "timezone_offset": -14400,
  "data": [
    {
      "dt": 1525534200,
      "sunrise": 1525512900,
      "sunset": 1525564053,
      "temp": 294.15,
      "feels_like": 293.22,
      "pressure": 1016,
      "humidity": 35,
      "dew_point": 278.12,
      "clouds": 0,
      "visibility": 10000,
      "wind_speed": 7.72,
      "wind_deg": 280,
      "wind_gust": 10.8,
      "weather": [
        {
          "id": 800,
          "main": "Clear",
          "description": "clear sky",
          "icon": "01d"
        }
      ]
    }
  ]
}