{
  "lat": 42.1571,
  "lon": -71.1586,
  "timezone": "America/New_York",
  "timezone_offset": -14400,
  "data": [
    {
      "dt": 1523987100,
      "sunrise": 1523959233,
      "sunset": 1524007642,
      "temp": 283.1,
      "feels_like": 280.26,
      "pressure": 999,
      "humidity": 52,
      "dew_point": 273.71,
      "clouds": 100,
      "visibility": 10000,
      "wind_speed": 6.2,
      "wind_deg": 250,
      "wind_gust": 9.8,
      "weather": [
        {
          "id": 500,
          "main": "Rain",
          "description": "light rain",
          "icon": "10d"
        }
      ],
      "rain": {
        "1h": 0.14
      }
    }
  ]
}