{
  "lat": 42.1571,
  "lon": -71.1586,
  "timezone": "America/New_York",
  "timezone_offset": -14400,
  "data": [
    {
      "dt": 1541273400,
      "sunrise": 1541243999,
      "sunset": 1541280979,
      "temp": 286.24,
      "feels_like": 285.01,
      "pressure": 1007,
      "humidity": 54,
      "dew_point": 277.15,
      "clouds": 20,
      "visibility": 10000,
      "wind_speed": 16,
      "wind_deg": 270,
      "wind_gust": 23.7,
      "weather": [
        {
          "id": 500,
          "main": "Rain",
          "description": "light rain",
          "icon": "10d"
        }
      ],
      "rain": {
        "1h": 0.8
      }
    }
  ]
}