{
  "lat": 42.1571,
  "lon": -71.1586,
  "timezone": "America/New_York",
  "timezone_offset": -14400,
  "data": [
    {
      "dt": 1534609800,
      "sunrise": 1534586129,
      "sunset": 1534635707,
      "temp": 302.29,
      "feels_like": 305.99,
      "pressure": 1008,
      "humidity": 69,
      "dew_point": 296.02,
      "clouds": 40,
      "visibility": 10000,
      "wind_speed": 5.14,
      "wind_deg": 280,
      "weather": [
        {
          "id": 500,
          "main": "Rain",
          "description": "light rain",
          "icon": "10d"
        }
      ],
      "rain": {
        "1h": 0.18
      }
    }
  ]
}