{
  "lat": 42.1571,
  "lon": -71.1586,
  "timezone": "America/New_York",
  "timezone_offset": -14400,
  "data": [
    {
      "dt": 1521756000,
      "sunrise": 1521715466,
      "sunset": 1521759508,
      "temp": 277.21,
      "feels_like": 275.32,
      "pressure": 1008,
      "humidity": 80,
      "dew_point": 274.08,
      "clouds": 100,
      "visibility": 10000,
      "wind_speed": 2.1,
      "wind_deg": 120,
      "weather": [
        {
          "id": 804,
          "main": "Clouds",
          "description": "overcast clouds",
          "icon": "04d"
        }
      ]
    }
  ]
}