{
  "lat": 42.1571,
  "lon": -71.1586,
  "timezone": "America/New_York",
  "timezone_offset": -14400,
  "data": [
    {
      "dt": 1525968000,
      "sunrise": 1525944546,
      "sunset": 1525996382,
      "temp": 290.2,
      "feels_like": 289.74,
      "pressure": 1014,
      "humidity": 68,
      "dew_point": 284.26,
      "clouds": 20,
      "visibility": 10000,
      "wind_speed": 1.54,
      "wind_deg": 0,
      "weather": [
        {
          "id": 801,
          "main": "Clouds",
          "description": "few clouds",
          "icon": "02d"
        }
      ]
    }
  ]
}