{
  "lat": 42.1571,
  "lon": -71.1586,
  "timezone": "America/New_York",
  "timezone_offset": -14400,
  "data": [
    {
      "dt": 1540069200,
      "sunrise": 1540033373,
      "sunset": 1540072537,
      "temp": 291,
      "feels_like": 290.2,
      "pressure": 1001,
      "humidity": 52,
      "dew_point": 281.02,
      "clouds": 20,
      "visibility": 10000,
      "wind_speed": 5.14,
      "wind_deg": 260,
      "weather": [
        {
          "id": 801,
          "main": "Clouds",
          "description": "few clouds",
          "icon": "02d"
        }
      ]
    }
  ]
}