{
  "lat": 42.1571,
  "lon": -71.1586,
  "timezone": "America/New_York",
  "timezone_offset": -18000,
  "data": [
    {
      "dt": 1517941800,
      "sunrise": 1517917942,
      "sunset": 1517954707,
      "temp": 273.9,
      "feels_like": 269.09,
      "pressure": 1027,
      "humidity": 60,
      "dew_point": 267.72,
      "clouds": 100,
      "visibility": 10000,
      "wind_speed": 5.14,
      "wind_deg": 230,
      "weather": [
        {
          "id": 804,
          "main": "Clouds",
          "description": "overcast clouds",
          "icon": "04d"
        }
      ]
    }
  ]
}