{
  "lat": 42.1571,
  "lon": -71.1586,
  "timezone": "America/New_York",
  "timezone_offset": -14400,
  "data": [
    {
      "dt": 1538163000,
      "sunrise": 1538131098,
      "sunset": 1538173929,
      "temp": 288.49,
      "feels_like": 288.19,
      "pressure": 1017,
      "humidity": 81,
      "dew_point": 285.25,
      "clouds": 100,
      "visibility": 10000,
      "wind_speed": 2.6,
      "wind_deg": 60,
      "weather": [
        {
          "id": 804,
          "main": "Clouds",
          "description": "overcast clouds",
          "icon": "04d"
        }
      ]
    }
  ]
}