{
  "lat": 42.1571,
  "lon": -71.1586,
  "timezone": "America/New_York",
  "timezone_offset": -14400,
  "data": [
    {
      "dt": 1539981900,
      "sunrise": 1539946902,
      "sunset": 1539986228,
      "temp": 289.96,
      "feels_like": 288.64,
      "pressure": 1016,
      "humidity": 36,
      "dew_point": 274.82,
      "clouds": 0,
      "visibility": 10000,
      "wind_speed": 8.23,
      "wind_deg": 220,
      "wind_gust": 11.83,
      "weather": [
        {
          "id": 800,
          "main": "Clear",
          "description": "clear sky",
          "icon": "01d"
        }
      ]
    }
  ]
}