{
  "lat": 42.1571,
  "lon": -71.1586,
  "timezone": "America/New_York",
  "timezone_offset": -14400,
  "data": [
    {
      "dt": 1523203200,
      "sunrise": 1523182510,
      "sunset": 1523229440,
      "temp": 278.9,
      "feels_like": 274.73,
      "pressure": 1010,
      "humidity": 39,
      "dew_point": 266.83,
      "clouds": 100,
      "visibility": 10000,
      "wind_speed": 6.7,
      "wind_deg": 60,
      "wind_gust": 9.8,
      "weather": [
        {
          "id": 804,
          "main": "Clouds",
          "description": "overcast clouds",
          "icon": "04d"
        }
      ]
    }
  ]
}