{
  "lat": 42.1571,
  "lon": -71.1586,
  "timezone": "America/New_York",
  "timezone_offset": -14400,
  "data": [
    {
      "dt": 1535039100,
      "sunrise": 1535018447,
      "sunset": 1535067248,
      "temp": 295.5,
      "feels_like": 295.28,
      "pressure": 1013,
      "humidity": 57,
      "dew_point": 286.58,
      "clouds": 75,
      "visibility": 10000,
      "wind_speed": 3.1,
      "wind_deg": 330,
      "weather": [
        {
          "id": 803,
          "main": "Clouds",
          "description": "broken clouds",
          "icon": "04d"
        }
      ]
    }
  ]
}