{
  "lat": 42.1571,
  "lon": -71.1586,
  "timezone": "America/New_York",
  "timezone_offset": -18000,
  "data": [
    {
      "dt": 1546277400,
      "sunrise": 1546258383,
      "sunset": 1546291317,
      "temp": 279.14,
      "feels_like": 275.2,
      "pressure": 1026,
      "humidity": 64,
      "dew_point": 272.89,
      "clouds": 0,
      "visibility": 10000,
      "wind_speed": 6.26,
      "wind_deg": 220,
      "wind_gust": 8.94,
      "weather": [
        {
          "id": 800,
          "main": "Clear",
          "description": "clear sky",
          "icon": "01d"
        }
      ]
    }
  ]
}