{
  "lat": 42.1571,
  "lon": -71.1586,
  "timezone": "America/New_York",
  "timezone_offset": -18000,
  "data": [
    {
      "dt": 1520375400,
      "sunrise": 1520334713,
      "sunset": 1520376011,
      "temp": 275.47,
      "feels_like": 273.98,
      "pressure": 1018,
      "humidity": 60,
      "dew_point": 269.04,
      "clouds": 100,
      "visibility": 10000,
      "wind_speed": 1.54,
      "wind_deg": 30,
      "weather": [
        {
          "id": 804,
          "main": "Clouds",
          "description": "overcast clouds",
          "icon": "04d"
        }
      ]
    }
  ]
}