{
  "lat": 42.1571,
  "lon": -71.1586,
  "timezone": "America/New_York",
  "timezone_offset": -14400,
  "data": [
    {
      "dt": 1541271600,
      "sunrise": 1541243999,
      "sunset": 1541280979,
      "temp": 287.29,
      "feels_like": 286.4,
      "pressure": 1003,
      "humidity": 63,
      "dew_point": 280.36,
      "clouds": 75,
      "visibility": 10000,
      "wind_speed": 14.92,
      "wind_deg": 280,
      "wind_gust": 25.21,
      "weather": [
        {
          "id": 500,
          "main": "Rain",
          "description": "light rain",
          "icon": "10d"
        }
      ],
      "rain": {
        "1h": 0.65
      }
    }
  ]
}