{
  "lat": 42.1571,
  "lon": -71.1586,
  "timezone": "America/New_York",
  "timezone_offset": -18000,
  "data": [
    {
      "dt": 1520289900,
      "sunrise": 1520248412,
      "sunset": 1520289540,
      "temp": 277.65,
      "feels_like": 274.98,
      "pressure": 1017,
      "humidity": 52,
      "dew_point": 269.17,
      "clouds": 0,
      "visibility": 10000,
      "wind_speed": 3.1,
      "wind_deg": 40,
      "weather": [
        {
          "id": 800,
          "main": "Clear",
          "description": "clear sky",
          "icon": "01n"
        }
      ]
    }
  ]
}