{
  "lat": 42.1571,
  "lon": -71.1586,
  "timezone": "America/New_York",
  "timezone_offset": -14400,
  "data": [
    {
      "dt": 1526142600,
      "sunrise": 1526117214,
      "sunset": 1526169311,
      "temp": 284.8,
      "feels_like": 284.19,
      "pressure": 1021,
      "humidity": 83,
      "dew_point": 282.01,
      "clouds": 100,
      "visibility": 4828,
      "wind_speed": 1.54,
      "wind_deg": 100,
      "weather": [
        {
          "id": 501,
          "main": "Rain",
          "description": "moderate rain",
          "icon": "10d"
        }
      ],
      "rain": {
        "1h": 1.25
      }
    }
  ]
}