{
  "lat": 42.1571,
  "lon": -71.1586,
  "timezone": "America/New_York",
  "timezone_offset": -14400,
  "data": [
    {
      "dt": 1541277900,
      "sunrise": 1541243999,
      "sunset": 1541280979,
      "temp": 285.19,
      "feels_like": 283.86,
      "pressure": 1009,
      "humidity": 54,
      "dew_point": 276.18,
      "clouds": 20,
      "visibility": 10000,
      "wind_speed": 16,
      "wind_deg": 270,
      "wind_gust": 24.7,
      "weather": [
        {
          "id": 500,
          "main": "Rain",
          "description": "light rain",
          "icon": "10d"
        }
      ],
      "rain": {
        "1h": 0.5,
        "3h": 1.25
      }
    }
  ]
}