{
  "lat": 42.1571,
  "lon": -71.1586,
  "timezone": "America/New_York",
  "timezone_offset": -14400,
  "data": [
    {
      "dt": 1529769600,
      "sunrise": 1529744945,
      "sunset": 1529799872,
      "temp": 293.1,
      "feels_like": 292.82,
      "pressure": 1014,
      "humidity": 64,
      "dew_point": 286.09,
      "clouds": 100,
      "visibility": 10000,
      "wind_speed": 4.63,
      "wind_deg": 90,
      "weather": [
        {
          "id": 804,
          "main": "Clouds",
          "description": "overcast clouds",
          "icon": "04d"
        }
      ]
    }
  ]
}