{
  "lat": 42.1571,
  "lon": -71.1586,
  "timezone": "America/New_York",
  "timezone_offset": -14400,
  "data": [
    {
      "dt": 1535918400,
      "sunrise": 1535883076,
      "sunset": 1535930268,
      "temp": 302.3,
      "feels_like": 302.64,
      "pressure": 1022,
      "humidity": 47,
      "dew_point": 289.84,
      "clouds": 0,
      "visibility": 10000,
      "wind_speed": 5.14,
      "wind_deg": 170,
      "wind_gust": 7.72,
      "weather": [
        {
          "id": 800,
          "main": "Clear",
          "description": "clear sky",
          "icon": "01d"
        }
      ]
    }
  ]
}