{
  "lat": 42.1571,
  "lon": -71.1586,
  "timezone": "America/New_York",
  "timezone_offset": -18000,
  "data": [
    {
      "dt": 1518821100,
      "sunrise": 1518781176,
      "sunset": 1518819485,
      "temp": 282.05,
      "feels_like": 278.47,
      "pressure": 1006,
      "humidity": 56,
      "dew_point": 273.76,
      "clouds": 100,
      "visibility": 10000,
      "wind_speed": 7.72,
      "wind_deg": 290,
      "wind_gust": 16.46,
      "weather": [
        {
          "id": 500,
          "main": "Rain",
          "description": "light rain",
          "icon": "10n"
        }
      ],
      "rain": {
        "1h": 0.19
      }
    }
  ]
}