{
  "lat": 42.1571,
  "lon": -71.1586,
  "timezone": "America/New_York",
  "timezone_offset": -18000,
  "data": [
    {
      "dt": 1542386700,
      "sunrise": 1542368178,
      "sunset": 1542403368,
      "temp": 275.2,
      "feels_like": 268.9,
      "pressure": 998,
      "humidity": 86,
      "dew_point": 273.11,
      "clouds": 100,
      "visibility": 10000,
      "wind_speed": 9.77,
      "wind_deg": 320,
      "wind_gust": 12.86,
      "weather": [
        {
          "id": 600,
          "main": "Snow",
          "description": "light snow",
          "icon": "13d"
        },
        {
          "id": 500,
          "main": "Rain",
          "description": "light rain",
          "icon": "10d"
        }
      ],
      "rain": {
        "1h": 0.15
      }
    }
  ]
}