{
  "lat": 42.1571,
  "lon": -71.1586,
  "timezone": "America/New_York",
  "timezone_offset": -14400,
  "data": [
    {
      "dt": 1530048600,
      "sunrise": 1530004201,
      "sunset": 1530059087,
      "temp": 299.14,
      "feels_like": 299.14,
      "pressure": 1020,
      "humidity": 34,
      "dew_point": 282.08,
      "clouds": 0,
      "visibility": 10000,
      "wind_speed": 6.7,
      "wind_deg": 200,
      "wind_gust": 10.3,
      "weather": [
        {
          "id": 800,
          "main": "Clear",
          "description": "clear sky",
          "icon": "01d"
        }
      ]
    }
  ]
}