{
  "lat": 42.1571,
  "lon": -71.1586,
  "timezone": "America/New_York",
  "timezone_offset": -14400,
  "data": [
    {
      "dt": 1527016500,
      "sunrise": 1526980654,
      "sunset": 1527033921,
      "temp": 293.9,
      "feels_like": 293.94,
      "pressure": 1019,
      "humidity": 73,
      "dew_point": 288.89,
      "clouds": 100,
      "visibility": 10000,
      "wind_speed": 4.12,
      "wind_deg": 170,
      "weather": [
        {
          "id": 500,
          "main": "Rain",
          "description": "light rain",
          "icon": "10d"
        }
      ],
      "rain": {
        "1h": 0.3
      }
    }
  ]
}