{
  "lat": 42.1571,
  "lon": -71.1586,
  "timezone": "America/New_York",
  "timezone_offset": -14400,
  "data": [
    {
      "dt": 1527004800,
      "sunrise": 1526980654,
      "sunset": 1527033921,
      "temp": 294.15,
      "feels_like": 293.98,
      "pressure": 1021,
      "humidity": 64,
      "dew_point": 287.09,
      "clouds": 75,
      "visibility": 10000,
      "wind_speed": 2.1,
      "wind_deg": 60,
      "weather": [
        {
          "id": 500,
          "main": "Rain",
          "description": "light rain",
          "icon": "10d"
        }
      ],
      "rain": {
        "1h": 0.12
      }
    }
  ]
}