{
  "lat": 42.1571,
  "lon": -71.1586,
  "timezone": "America/New_York",
  "timezone_offset": -14400,
  "data": [
    {
      "dt": 1524257100,
      "sunrise": 1524218154,
      "sunset": 1524267045,
      "temp": 286,
      "feels_like": 284.25,
      "pressure": 1019,
      "humidity": 35,
      "dew_point": 271.18,
      "clouds": 75,
      "visibility": 10000,
      "wind_speed": 8.23,
      "wind_deg": 310,
      "wind_gust": 14.4,
      "weather": [
        {
          "id": 803,
          "main": "Clouds",
          "description": "broken clouds",
          "icon": "04d"
        }
      ]
    }
  ]
}