{
  "lat": 42.1571,
  "lon": -71.1586,
  "timezone": "America/New_York",
  "timezone_offset": -14400,
  "data": [
    {
      "dt": 1524678300,
      "sunrise": 1524649708,
      "sunset": 1524699382,
      "temp": 288.1,
      "feels_like": 287.95,
      "pressure": 1013,
      "humidity": 88,
      "dew_point": 286.13,
      "clouds": 100,
      "visibility": 6437,
      "wind_speed": 8.8,
      "wind_deg": 130,
      "wind_gust": 12.9,
      "weather": [
        {
          "id": 500,
          "main": "Rain",
          "description": "light rain",
          "icon": "10d"
        },
        {
          "id": 701,
          "main": "Mist",
          "description": "mist",
          "icon": "50d"
        }
      ],
      "rain": {
        "1h": 0.7
      }
    }
  ]
}