{
  "lat": 42.1571,
  "lon": -71.1586,
  "timezone": "America/New_York",
  "timezone_offset": -18000,
  "data": [
    {
      "dt": 1544804100,
      "sunrise": 1544789134,
      "sunset": 1544821995,
      "temp": 279.15,
      "feels_like": 277.15,
      "pressure": 1033,
      "humidity": 60,
      "dew_point": 272.12,
      "clouds": 0,
      "visibility": 10000,
      "wind_speed": 2.6,
      "wind_deg": 0,
      "weather": [
        {
          "id": 800,
          "main": "Clear",
          "description": "clear sky",
          "icon": "01d"
        }
      ]
    }
  ]
}