{
  "lat": 42.1571,
  "lon": -71.1586,
  "timezone": "America/New_York",
  "timezone_offset": -14400,
  "data": [
    {
      "dt": 1536690600,
      "sunrise": 1536661235,
      "sunset": 1536706935,
      "temp": 299.66,
      "feels_like": 299.66,
      "pressure": 1020,
      "humidity": 80,
      "dew_point": 295.93,
      "clouds": 100,
      "visibility": 10000,
      "wind_speed": 1.54,
      "wind_deg": 300,
      "weather": [
        {
          "id": 500,
          "main": "Rain",
          "description": "light rain",
          "icon": "10d"
        }
      ],
      "rain": {
        "1h": 0.2
      }
    }
  ]
}