{
  "lat": 42.1571,
  "lon": -71.1586,
  "timezone": "America/New_York",
  "timezone_offset": -18000,
  "data": [
    {
      "dt": 1544124600,
      "sunrise": 1544097529,
      "sunset": 1544130776,
      "temp": 277.05,
      "feels_like": 271.82,
      "pressure": 1018,
      "humidity": 48,
      "dew_point": 267.74,
      "clouds": 0,
      "visibility": 10000,
      "wind_speed": 8.23,
      "wind_deg": 270,
      "wind_gust": 11.32,
      "weather": [
        {
          "id": 800,
          "main": "Clear",
          "description": "clear sky",
          "icon": "01d"
        }
      ]
    }
  ]
}