{
  "lat": 42.1571,
  "lon": -71.1586,
  "timezone": "America/New_York",
  "timezone_offset": -14400,
  "data": [
    {
      "dt": 1523737800,
      "sunrise": 1523700319,
      "sunset": 1523748241,
      "temp": 281.25,
      "feels_like": 277.43,
      "pressure": 1022,
      "humidity": 60,
      "dew_point": 273.96,
      "clouds": 100,
      "visibility": 10000,
      "wind_speed": 7.72,
      "wind_deg": 80,
      "wind_gust": 14.92,
      "weather": [
        {
          "id": 804,
          "main": "Clouds",
          "description": "overcast clouds",
          "icon": "04d"
        }
      ]
    }
  ]
}