{
  "lat": 42.1571,
  "lon": -71.1586,
  "timezone": "America/New_York",
  "timezone_offset": -14400,
  "data": [
    {
      "dt": 1521067500,
      "sunrise": 1521025100,
      "sunset": 1521067767,
      "temp": 275.72,
      "feels_like": 270.87,
      "pressure": 995,
      "humidity": 60,
      "dew_point": 269.25,
      "clouds": 40,
      "visibility": 10000,
      "wind_speed": 6.2,
      "wind_deg": 260,
      "weather": [
        {
          "id": 802,
          "main": "Clouds",
          "description": "scattered clouds",
          "icon": "03d"
        }
      ]
    }
  ]
}