{
  "lat": 42.1571,
  "lon": -71.1586,
  "timezone": "America/New_York",
  "timezone_offset": -18000,
  "data": [
    {
      "dt": 1514824200,
      "sunrise": 1514808791,
      "sunset": 1514841779,
      "temp": 262.03,
      "feels_like": 255.03,
      "pressure": 1023,
      "humidity": 40,
      "dew_point": 252.19,
      "clouds": 0,
      "visibility": 10000,
      "wind_speed": 8.23,
      "wind_deg": 320,
      "wind_gust": 13.89,
      "weather": [
        {
          "id": 800,
          "main": "Clear",
          "description": "clear sky",
          "icon": "01d"
        }
      ]
    }
  ]
}