{
  "lat": 42.1571,
  "lon": -71.1586,
  "timezone": "America/New_York",
  "timezone_offset": -18000,
  "data": [
    {
      "dt": 1519939800,
      "sunrise": 1519903203,
      "sunset": 1519943654,
      "temp": 282.11,
      "feels_like": 280.67,
      "pressure": 1010,
      "humidity": 62,
      "dew_point": 275.23,
      "clouds": 0,
      "visibility": 10000,
      "wind_speed": 2.6,
      "wind_deg": 70,
      "weather": [
        {
          "id": 800,
          "main": "Clear",
          "description": "clear sky",
          "icon": "01d"
        }
      ]
    }
  ]
}