{
  "lat": 42.1571,
  "lon": -71.1586,
  "timezone": "America/New_York",
  "timezone_offset": -18000,
  "data": [
    {
      "dt": 1542136500,
      "sunrise": 1542108753,
      "sunset": 1542144329,
      "temp": 283.1,
      "feels_like": 279.83,
      "pressure": 1005,
      "humidity": 89,
      "dew_point": 281.37,
      "clouds": 100,
      "visibility": 804,
      "wind_speed": 7.72,
      "wind_deg": 320,
      "wind_gust": 14.4,
      "weather": [
        {
          "id": 701,
          "main": "Mist",
          "description": "mist",
          "icon": "50d"
        },
        {
          "id": 500,
          "main": "Rain",
          "description": "light rain",
          "icon": "10d"
        }
      ],
      "rain": {
        "1h": 0.5
      }
    }
  ]
}