{
  "lat": 42.1571,
  "lon": -71.1586,
  "timezone": "America/New_York",
  "timezone_offset": -14400,
  "data": [
    {
      "dt": 1524069900,
      "sunrise": 1524045539,
      "sunset": 1524094110,
      "temp": 283.11,
      "feels_like": 279.57,
      "pressure": 1005,
      "humidity": 46,
      "dew_point": 272.17,
      "clouds": 75,
      "visibility": 10000,
      "wind_speed": 8.8,
      "wind_deg": 270,
      "wind_gust": 11.8,
      "weather": [
        {
          "id": 803,
          "main": "Clouds",
          "description": "broken clouds",
          "icon": "04d"
        }
      ]
    }
  ]
}