{
  "lat": 42.1571,
  "lon": -71.1586,
  "timezone": "America/New_York",
  "timezone_offset": -14400,
  "data": [
    {
      "dt": 1537726500,
      "sunrise": 1537698782,
      "sunset": 1537742459,
      "temp": 290.88,
      "feels_like": 290.07,
      "pressure": 1024,
      "humidity": 52,
      "dew_point": 280.91,
      "clouds": 0,
      "visibility": 10000,
      "wind_speed": 2.1,
      "wind_deg": 240,
      "weather": [
        {
          "id": 800,
          "main": "Clear",
          "description": "clear sky",
          "icon": "01d"
        }
      ]
    }
  ]
}