{
  "lat": 42.1571,
  "lon": -71.1586,
  "timezone": "America/New_York",
  "timezone_offset": -14400,
  "data": [
    {
      "dt": 1529001900,
      "sunrise": 1528967280,
      "sunset": 1529022118,
      "temp": 299.15,
      "feels_like": 299.15,
      "pressure": 1004,
      "humidity": 39,
      "dew_point": 284.14,
      "clouds": 100,
      "visibility": 10000,
      "wind_speed": 6.7,
      "wind_deg": 290,
      "wind_gust": 11.8,
      "weather": [
        {
          "id": 804,
          "main": "Clouds",
          "description": "overcast clouds",
          "icon": "04d"
        }
      ]
    }
  ]
}