{
  "lat": 42.1571,
  "lon": -71.1586,
  "timezone": "America/New_York",
  "timezone_offset": -14400,
  "data": [
    {
      "dt": 1529685900,
      "sunrise": 1529658530,
      "sunset": 1529713462,
      "temp": 298.1,
      "feels_like": 298.06,
      "pressure": 1018,
      "humidity": 54,
      "dew_point": 288.16,
      "clouds": 0,
      "visibility": 10000,
      "wind_speed": 4.63,
      "wind_deg": 70,
      "weather": [
        {
          "id": 800,
          "main": "Clear",
          "description": "clear sky",
          "icon": "01d"
        }
      ]
    }
  ]
}