{
  "lat": 42.1571,
  "lon": -71.1586,
  "timezone": "America/New_York",
  "timezone_offset": -14400,
  "data": [
    {
      "dt": 1533833100,
      "sunrise": 1533807957,
      "sunset": 1533858864,
      "temp": 303.09,
      "feels_like": 307.12,
      "pressure": 1006,
      "humidity": 66,
      "dew_point": 296.05,
      "clouds": 75,
      "visibility": 10000,
      "wind_speed": 4.12,
      "wind_deg": 250,
      "weather": [
        {
          "id": 803,
          "main": "Clouds",
          "description": "broken clouds",
          "icon": "04d"
        }
      ]
    }
  ]
}