{
  "lat": 42.1571,
  "lon": -71.1586,
  "timezone": "America/New_York",
  "timezone_offset": -14400,
  "data": [
    {
      "dt": 1526675400,
      "sunrise": 1526635258,
      "sunset": 1526688085,
      "temp": 288.9,
      "feels_like": 287.34,
      "pressure": 1029,
      "humidity": 31,
      "dew_point": 271.98,
      "clouds": 0,
      "visibility": 10000,
      "wind_speed": 6.2,
      "wind_deg": 70,
      "wind_gust": 9.3,
      "weather": [
        {
          "id": 800,
          "main": "Clear",
          "description": "clear sky",
          "icon": "01d"
        }
      ]
    }
  ]
}