{
  "lat": 42.1571,
  "lon": -71.1586,
  "timezone": "America/New_York",
  "timezone_offset": -14400,
  "data": [
    {
      "dt": 1528565400,
      "sunrise": 1528535314,
      "sunset": 1528589968,
      "temp": 300.2,
      "feels_like": 299.6,
      "pressure": 1018,
      "humidity": 30,
      "dew_point": 281.16,
      "clouds": 0,
      "visibility": 10000,
      "wind_speed": 3.6,
      "wind_deg": 320,
      "wind_gust": 7.72,
      "weather": [
        {
          "id": 800,
          "main": "Clear",
          "description": "clear sky",
          "icon": "01d"
        }
      ]
    }
  ]
}