{
  "lat": 42.1571,
  "lon": -71.1586,
  "timezone": "America/New_York",
  "timezone_offset": -14400,
  "data": [
    {
      "dt": 1527522300,
      "sunrise": 1527498804,
      "sunset": 1527552647,
      "temp": 286.61,
      "feels_like": 286.39,
      "pressure": 1019,
      "humidity": 91,
      "dew_point": 285.17,
      "clouds": 100,
      "visibility": 10000,
      "wind_speed": 3.1,
      "wind_deg": 70,
      "weather": [
        {
          "id": 804,
          "main": "Clouds",
          "description": "overcast clouds",
          "icon": "04d"
        }
      ]
    }
  ]
}