{
  "lat": 42.1571,
  "lon": -71.1586,
  "timezone": "America/New_York",
  "timezone_offset": -14400,
  "data": [
    {
      "dt": 1531329300,
      "sunrise": 1531300710,
      "sunset": 1531354881,
      "temp": 298.11,
      "feels_like": 297.97,
      "pressure": 1015,
      "humidity": 50,
      "dew_point": 286.98,
      "clouds": 40,
      "visibility": 10000,
      "wind_speed": 6.2,
      "wind_deg": 70,
      "wind_gust": 9.8,
      "weather": [
        {
          "id": 802,
          "main": "Clouds",
          "description": "scattered clouds",
          "icon": "03d"
        }
      ]
    }
  ]
}