{
  "lat": 42.1571,
  "lon": -71.1586,
  "timezone": "America/New_York",
  "timezone_offset": -14400,
  "data": [
    {
      "dt": 1540566000,
      "sunrise": 1540552206,
      "sunset": 1540590410,
      "temp": 279.15,
      "feels_like": 276.47,
      "pressure": 1020,
      "humidity": 42,
      "dew_point": 267.89,
      "clouds": 40,
      "visibility": 10000,
      "wind_speed": 3.6,
      "wind_deg": 280,
      "weather": [
        {
          "id": 802,
          "main": "Clouds",
          "description": "scattered clouds",
          "icon": "03d"
        }
      ]
    }
  ]
}