{
  "lat": 42.1571,
  "lon": -71.1586,
  "timezone": "America/New_York",
  "timezone_offset": -14400,
  "data": [
    {
      "dt": 1531589400,
      "sunrise": 1531560050,
      "sunset": 1531613984,
      "temp": 301,
      "feels_like": 301.27,
      "pressure": 1019,
      "humidity": 48,
      "dew_point": 288.99,
      "clouds": 0,
      "visibility": 10000,
      "wind_speed": 3.6,
      "wind_deg": 170,
      "weather": [
        {
          "id": 800,
          "main": "Clear",
          "description": "clear sky",
          "icon": "01d"
        }
      ]
    }
  ]
}