{
  "lat": 42.1571,
  "lon": -71.1586,
  "timezone": "America/New_York",
  "timezone_offset": -14400,
  "data": [
    {
      "dt": 1521315900,
      "sunrise": 1521283989,
      "sunset": 1521327171,
      "temp": 277.48,
      "feels_like": 272.55,
      "pressure": 1001,
      "humidity": 32,
      "dew_point": 263.43,
      "clouds": 100,
      "visibility": 10000,
      "wind_speed": 7.72,
      "wind_deg": 300,
      "wind_gust": 12.86,
      "weather": [
        {
          "id": 804,
          "main": "Clouds",
          "description": "overcast clouds",
          "icon": "04d"
        }
      ]
    }
  ]
}