{
  "lat": 42.1571,
  "lon": -71.1586,
  "timezone": "America/New_York",
  "timezone_offset": -14400,
  "data": [
    {
      "dt": 1540411200,
      "sunrise": 1540379260,
      "sunset": 1540417781,
      "temp": 282.3,
      "feels_like": 279.62,
      "pressure": 1015,
      "humidity": 70,
      "dew_point": 277.12,
      "clouds": 75,
      "visibility": 10000,
      "wind_speed": 5.14,
      "wind_deg": 320,
      "wind_gust": 9.77,
      "weather": [
        {
          "id": 803,
          "main": "Clouds",
          "description": "broken clouds",
          "icon": "04d"
        }
      ]
    }
  ]
}