{
  "lat": 42.1571,
  "lon": -71.1586,
  "timezone": "America/New_York",
  "timezone_offset": -18000,
  "data": [
    {
      "dt": 1543007700,
      "sunrise": 1542973487,
      "sunset": 1543007862,
      "temp": 273.1,
      "feels_like": 269.1,
      "pressure": 1030,
      "humidity": 19,
      "dew_point": 254.34,
      "clouds": 0,
      "visibility": 10000,
      "wind_speed": 3.6,
      "wind_deg": 220,
      "weather": [
        {
          "id": 800,
          "main": "Clear",
          "description": "clear sky",
          "icon": "01d"
        }
      ]
    }
  ]
}