{
  "lat": 42.1571,
  "lon": -71.1586,
  "timezone": "America/New_York",
  "timezone_offset": -14400,
  "data": [
    {
      "dt": 1540831500,
      "sunrise": 1540811626,
      "sunset": 1540849364,
      "temp": 288.1,
      "feels_like": 287.4,
      "pressure": 1004,
      "humidity": 67,
      "dew_point": 282.03,
      "clouds": 75,
      "visibility": 10000,
      "wind_speed": 8.23,
      "wind_deg": 280,
      "wind_gust": 10.8,
      "weather": [
        {
          "id": 500,
          "main": "Rain",
          "description": "light rain",
          "icon": "10d"
        }
      ],
      "rain": {
        "1h": 0.77
      }
    }
  ]
}