{
  "lat": 42.1571,
  "lon": -71.1586,
  "timezone": "America/New_York",
  "timezone_offset": -18000,
  "data": [
    {
      "dt": 1516380300,
      "sunrise": 1516363703,
      "sunset": 1516398119,
      "temp": 273.9,
      "feels_like": 270.07,
      "pressure": 1014,
      "humidity": 55,
      "dew_point": 266.71,
      "clouds": 100,
      "visibility": 10000,
      "wind_speed": 3.6,
      "wind_deg": 260,
      "weather": [
        {
          "id": 804,
          "main": "Clouds",
          "description": "overcast clouds",
          "icon": "04d"
        }
      ]
    }
  ]
}