{
  "lat": 42.1571,
  "lon": -71.1586,
  "timezone": "America/New_York",
  "timezone_offset": -18000,
  "data": [
    {
      "dt": 1546191900,
      "sunrise": 1546171974,
      "sunset": 1546204870,
      "temp": 273.75,
      "feels_like": 271.11,
      "pressure": 1021,
      "humidity": 41,
      "dew_point": 263.23,
      "clouds": 0,
      "visibility": 10000,
      "wind_speed": 2.24,
      "wind_deg": 177,
      "wind_gust": 3.58,
      "weather": [
        {
          "id": 800,
          "main": "Clear",
          "description": "clear sky",
          "icon": "01d"
        }
      ]
    }
  ]
}