{
  "lat": 42.1571,
  "lon": -71.1586,
  "timezone": "America/New_York",
  "timezone_offset": -18000,
  "data": [
    {
      "dt": 1544805000,
      "sunrise": 1544789134,
      "sunset": 1544821995,
      "temp": 282.05,
      "feels_like": 280,
      "pressure": 1031,
      "humidity": 47,
      "dew_point": 271.57,
      "clouds": 0,
      "visibility": 10000,
      "wind_speed": 3.6,
      "wind_deg": 200,
      "weather": [
        {
          "id": 800,
          "main": "Clear",
          "description": "clear sky",
          "icon": "01d"
        }
      ]
    }
  ]
}