{
  "lat": 42.1571,
  "lon": -71.1586,
  "timezone": "America/New_York",
  "timezone_offset": -14400,
  "data": [
    {
      "dt": 1537648200,
      "sunrise": 1537612319,
      "sunset": 1537656166,
      "temp": 293.23,
      "feels_like": 292.49,
      "pressure": 1020,
      "humidity": 46,
      "dew_point": 281.26,
      "clouds": 0,
      "visibility": 10000,
      "wind_speed": 3.1,
      "wind_deg": 0,
      "weather": [
        {
          "id": 800,
          "main": "Clear",
          "description": "clear sky",
          "icon": "01d"
        }
      ]
    }
  ]
}