{
  "lat": 42.1571,
  "lon": -71.1586,
  "timezone": "America/New_York",
  "timezone_offset": -18000,
  "data": [
    {
      "dt": 1543702500,
      "sunrise": 1543665227,
      "sunset": 1543698840,
      "temp": 278.1,
      "feels_like": 274.88,
      "pressure": 1023,
      "humidity": 66,
      "dew_point": 272.39,
      "clouds": 0,
      "visibility": 10000,
      "wind_speed": 4.12,
      "wind_deg": 110,
      "weather": [
        {
          "id": 800,
          "main": "Clear",
          "description": "clear sky",
          "icon": "01n"
        }
      ]
    }
  ]
}