{
  "lat": 42.1571,
  "lon": -71.1586,
  "timezone": "America/New_York",
  "timezone_offset": -14400,
  "data": [
    {
      "dt": 1522251900,
      "sunrise": 1522233239,
      "sunset": 1522278308,
      "temp": 282.28,
      "feels_like": 280.56,
      "pressure": 1016,
      "humidity": 48,
      "dew_point": 272.01,
      "clouds": 75,
      "visibility": 10000,
      "wind_speed": 3.1,
      "wind_deg": 230,
      "weather": [
        {
          "id": 803,
          "main": "Clouds",
          "description": "broken clouds",
          "icon": "04d"
        }
      ]
    }
  ]
}