{
  "lat": 42.1571,
  "lon": -71.1586,
  "timezone": "America/New_York",
  "timezone_offset": -18000,
  "data": [
    {
      "dt": 1546027200,
      "sunrise": 1545999150,
      "sunset": 1546031981,
      "temp": 284.71,
      "feels_like": 284.35,
      "pressure": 1014,
      "humidity": 93,
      "dew_point": 283.62,
      "clouds": 100,
      "visibility": 4828,
      "wind_speed": 9.83,
      "wind_deg": 193,
      "wind_gust": 13.86,
      "weather": [
        {
          "id": 501,
          "main": "Rain",
          "description": "moderate rain",
          "icon": "10d"
        },
        {
          "id": 701,
          "main": "Mist",
          "description": "mist",
          "icon": "50d"
        }
      ],
      "rain": {
        "1h": 2.53
      }
    }
  ]
}