{
  "lat": 42.1571,
  "lon": -71.1586,
  "timezone": "America/New_York",
  "timezone_offset": -14400,
  "data": [
    {
      "dt": 1522085400,
      "sunrise": 1522060648,
      "sunset": 1522105375,
      "temp": 278.59,
      "feels_like": 273.98,
      "pressure": 1041,
      "humidity": 39,
      "dew_point": 266.58,
      "clouds": 0,
      "visibility": 10000,
      "wind_speed": 7.72,
      "wind_deg": 50,
      "wind_gust": 9.77,
      "weather": [
        {
          "id": 800,
          "main": "Clear",
          "description": "clear sky",
          "icon": "01d"
        }
      ]
    }
  ]
}