{
  "lat": 42.1571,
  "lon": -71.1586,
  "timezone": "America/New_York",
  "timezone_offset": -14400,
  "data": [
    {
      "dt": 1526314500,
      "sunrise": 1526289889,
      "sunset": 1526342238,
      "temp": 291.25,
      "feels_like": 290.76,
      "pressure": 1015,
      "humidity": 63,
      "dew_point": 284.1,
      "clouds": 100,
      "visibility": 10000,
      "wind_speed": 3.1,
      "wind_deg": 210,
      "weather": [
        {
          "id": 804,
          "main": "Clouds",
          "description": "overcast clouds",
          "icon": "04d"
        }
      ]
    }
  ]
}