{
  "lat": 42.1571,
  "lon": -71.1586,
  "timezone": "America/New_York",
  "timezone_offset": -18000,
  "data": [
    {
      "dt": 1514923200,
      "sunrise": 1514895194,
      "sunset": 1514928230,
      "temp": 266.21,
      "feels_like": 259.21,
      "pressure": 1024,
      "humidity": 39,
      "dew_point": 255.78,
      "clouds": 0,
      "visibility": 10000,
      "wind_speed": 5.7,
      "wind_deg": 270,
      "wind_gust": 9.8,
      "weather": [
        {
          "id": 800,
          "main": "Clear",
          "description": "clear sky",
          "icon": "01d"
        }
      ]
    }
  ]
}