{
  "lat": 42.1571,
  "lon": -71.1586,
  "timezone": "America/New_York",
  "timezone_offset": -18000,
  "data": [
    {
      "dt": 1544646600,
      "sunrise": 1544616243,
      "sunset": 1544649176,
      "temp": 275.19,
      "feels_like": 269.98,
      "pressure": 1020,
      "humidity": 40,
      "dew_point": 264.12,
      "clouds": 0,
      "visibility": 10000,
      "wind_speed": 6.7,
      "wind_deg": 310,
      "wind_gust": 9.3,
      "weather": [
        {
          "id": 800,
          "main": "Clear",
          "description": "clear sky",
          "icon": "01d"
        }
      ]
    }
  ]
}