{
  "lat": 42.1571,
  "lon": -71.1586,
  "timezone": "America/New_York",
  "timezone_offset": -14400,
  "data": [
    {
      "dt": 1529594100,
      "sunrise": 1529572117,
      "sunset": 1529627051,
      "temp": 300.2,
      "feels_like": 300.32,
      "pressure": 1008,
      "humidity": 45,
      "dew_point": 287.26,
      "clouds": 0,
      "visibility": 10000,
      "wind_speed": 2.6,
      "wind_deg": 0,
      "weather": [
        {
          "id": 800,
          "main": "Clear",
          "description": "clear sky",
          "icon": "01d"
        }
      ]
    }
  ]
}