{
  "lat": 42.1571,
  "lon": -71.1586,
  "timezone": "America/New_York",
  "timezone_offset": -18000,
  "data": [
    {
      "dt": 1517694300,
      "sunrise": 1517658942,
      "sunset": 1517695271,
      "temp": 271,
      "feels_like": 266.14,
      "pressure": 1027,
      "humidity": 36,
      "dew_point": 259.32,
      "clouds": 0,
      "visibility": 10000,
      "wind_speed": 4.12,
      "wind_deg": 220,
      "weather": [
        {
          "id": 800,
          "main": "Clear",
          "description": "clear sky",
          "icon": "01d"
        }
      ]
    }
  ]
}