{
  "lat": 42.1571,
  "lon": -71.1586,
  "timezone": "America/New_York",
  "timezone_offset": -14400,
  "data": [
    {
      "dt": 1520883900,
      "sunrise": 1520852506,
      "sunset": 1520894829,
      "temp": 278.43,
      "feels_like": 274.77,
      "pressure": 1015,
      "humidity": 57,
      "dew_point": 270.9,
      "clouds": 100,
      "visibility": 10000,
      "wind_speed": 5.14,
      "wind_deg": 60,
      "weather": [
        {
          "id": 804,
          "main": "Clouds",
          "description": "overcast clouds",
          "icon": "04d"
        }
      ]
    }
  ]
}