{
  "lat": 42.1571,
  "lon": -71.1586,
  "timezone": "America/New_York",
  "timezone_offset": -14400,
  "data": [
    {
      "dt": 1532122200,
      "sunrise": 1532078759,
      "sunset": 1532132137,
      "temp": 301,
      "feels_like": 300.82,
      "pressure": 1020,
      "humidity": 42,
      "dew_point": 286.92,
      "clouds": 0,
      "visibility": 10000,
      "wind_speed": 5.14,
      "wind_deg": 120,
      "wind_gust": 7.72,
      "weather": [
        {
          "id": 800,
          "main": "Clear",
          "description": "clear sky",
          "icon": "01d"
        }
      ]
    }
  ]
}