{
  "lat": 42.1571,
  "lon": -71.1586,
  "timezone": "America/New_York",
  "timezone_offset": -14400,
  "data": [
    {
      "dt": 1526841000,
      "sunrise": 1526807952,
      "sunset": 1526861004,
      "temp": 300.2,
      "feels_like": 301.37,
      "pressure": 1010,
      "humidity": 61,
      "dew_point": 292.04,
      "clouds": 40,
      "visibility": 10000,
      "wind_speed": 6.7,
      "wind_deg": 260,
      "wind_gust": 9.8,
      "weather": [
        {
          "id": 802,
          "main": "Clouds",
          "description": "scattered clouds",
          "icon": "03d"
        }
      ]
    }
  ]
}