{
  "lat": 42.1571,
  "lon": -71.1586,
  "timezone": "America/New_York",
  "timezone_offset": -18000,
  "data": [
    {
      "dt": 1545768900,
      "sunrise": 1545739896,
      "sunset": 1545772662,
      "temp": 275.75,
      "feels_like": 270.91,
      "pressure": 1022,
      "humidity": 37,
      "dew_point": 263.69,
      "clouds": 0,
      "visibility": 10000,
      "wind_speed": 6.2,
      "wind_deg": 310,
      "wind_gust": 8.8,
      "weather": [
        {
          "id": 800,
          "main": "Clear",
          "description": "clear sky",
          "icon": "01d"
        }
      ]
    }
  ]
}