{
  "lat": 42.1571,
  "lon": -71.1586,
  "timezone": "America/New_York",
  "timezone_offset": -18000,
  "data": [
    {
      "dt": 1515607200,
      "sunrise": 1515586339,
      "sunset": 1515619897,
      "temp": 276,
      "feels_like": 272.29,
      "pressure": 1031,
      "humidity": 44,
      "dew_point": 265.87,
      "clouds": 0,
      "visibility": 10000,
      "wind_speed": 4.12,
      "wind_deg": 220,
      "weather": [
        {
          "id": 800,
          "main": "Clear",
          "description": "clear sky",
          "icon": "01d"
        }
      ]
    }
  ]
}