{
  "lat": 42.1571,
  "lon": -71.1586,
  "timezone": "America/New_York",
  "timezone_offset": -14400,
  "data": [
    {
      "dt": 1527887700,
      "sunrise": 1527844275,
      "sunset": 1527898443,
      "temp": 299.95,
      "feels_like": 302.05,
      "pressure": 1008,
      "humidity": 75,
      "dew_point": 295.15,
      "clouds": 75,
      "visibility": 10000,
      "wind_speed": 3.6,
      "wind_deg": 220,
      "weather": [
        {
          "id": 500,
          "main": "Rain",
          "description": "light rain",
          "icon": "10d"
        }
      ],
      "rain": {
        "1h": 0.27
      }
    }
  ]
}