{
  "lat": 42.1571,
  "lon": -71.1586,
  "timezone": "America/New_York",
  "timezone_offset": -14400,
  "data": [
    {
      "dt": 1525198500,
      "sunrise": 1525167609,
      "sunset": 1525218186,
      "temp": 290.2,
      "feels_like": 289.19,
      "pressure": 1016,
      "humidity": 47,
      "dew_point": 278.81,
      "clouds": 40,
      "visibility": 10000,
      "wind_speed": 4.63,
      "wind_deg": 310,
      "weather": [
        {
          "id": 802,
          "main": "Clouds",
          "description": "scattered clouds",
          "icon": "03d"
        }
      ]
    }
  ]
}