{
  "lat": 42.1571,
  "lon": -71.1586,
  "timezone": "America/New_York",
  "timezone_offset": -14400,
  "data": [
    {
      "dt": 1522000800,
      "sunrise": 1521974353,
      "sunset": 1522018908,
      "temp": 276.11,
      "feels_like": 271.86,
      "pressure": 1032,
      "humidity": 56,
      "dew_point": 268.76,
      "clouds": 100,
      "visibility": 10000,
      "wind_speed": 5.14,
      "wind_deg": 30,
      "wind_gust": 8.75,
      "weather": [
        {
          "id": 804,
          "main": "Clouds",
          "description": "overcast clouds",
          "icon": "04d"
        }
      ]
    }
  ]
}