{
  "lat": 42.1571,
  "lon": -71.1586,
  "timezone": "America/New_York",
  "timezone_offset": -14400,
  "data": [
    {
      "dt": 1526332500,
      "sunrise": 1526289889,
      "sunset": 1526342238,
      "temp": 297.3,
      "feels_like": 296.97,
      "pressure": 1012,
      "humidity": 46,
      "dew_point": 284.97,
      "clouds": 0,
      "visibility": 10000,
      "wind_speed": 4.63,
      "wind_deg": 220,
      "wind_gust": 7.72,
      "weather": [
        {
          "id": 800,
          "main": "Clear",
          "description": "clear sky",
          "icon": "01d"
        }
      ]
    }
  ]
}