{
  "lat": 42.1571,
  "lon": -71.1586,
  "timezone": "America/New_York",
  "timezone_offset": -18000,
  "data": [
    {
      "dt": 1518903000,
      "sunrise": 1518867492,
      "sunset": 1518905962,
      "temp": 276,
      "feels_like": 270.82,
      "pressure": 1026,
      "humidity": 45,
      "dew_point": 266.13,
      "clouds": 0,
      "visibility": 10000,
      "wind_speed": 7.2,
      "wind_deg": 180,
      "wind_gust": 9.77,
      "weather": [
        {
          "id": 800,
          "main": "Clear",
          "description": "clear sky",
          "icon": "01d"
        }
      ]
    }
  ]
}