{
  "lat": 42.1571,
  "lon": -71.1586,
  "timezone": "America/New_York",
  "timezone_offset": -18000,
  "data": [
    {
      "dt": 1544136300,
      "sunrise": 1544097529,
      "sunset": 1544130776,
      "temp": 276,
      "feels_like": 272.29,
      "pressure": 1019,
      "humidity": 53,
      "dew_point": 268.03,
      "clouds": 0,
      "visibility": 10000,
      "wind_speed": 4.12,
      "wind_deg": 230,
      "weather": [
        {
          "id": 800,
          "main": "Clear",
          "description": "clear sky",
          "icon": "01n"
        }
      ]
    }
  ]
}