{
  "lat": 42.1571,
  "lon": -71.1586,
  "timezone": "America/New_York",
  "timezone_offset": -18000,
  "data": [
    {
      "dt": 1519502400,
      "sunrise": 1519471674,
      "sunset": 1519511288,
      "temp": 285.27,
      "feels_like": 283.87,
      "pressure": 1020,
      "humidity": 51,
      "dew_point": 275.45,
      "clouds": 100,
      "visibility": 10000,
      "wind_speed": 1.54,
      "wind_deg": 260,
      "weather": [
        {
          "id": 804,
          "main": "Clouds",
          "description": "overcast clouds",
          "icon": "04d"
        }
      ]
    }
  ]
}