{
  "lat": 42.1571,
  "lon": -71.1586,
  "timezone": "America/New_York",
  "timezone_offset": -14400,
  "data": [
    {
      "dt": 1521919800,
      "sunrise": 1521888057,
      "sunset": 1521932441,
      "temp": 280.26,
      "feels_like": 278.12,
      "pressure": 1016,
      "humidity": 45,
      "dew_point": 269.6,
      "clouds": 100,
      "visibility": 10000,
      "wind_speed": 3.1,
      "wind_deg": 50,
      "weather": [
        {
          "id": 804,
          "main": "Clouds",
          "description": "overcast clouds",
          "icon": "04d"
        }
      ]
    }
  ]
}