{
  "lat": 42.1571,
  "lon": -71.1586,
  "timezone": "America/New_York",
  "timezone_offset": -18000,
  "data": [
    {
      "dt": 1519590600,
      "sunrise": 1519557981,
      "sunset": 1519597762,
      "temp": 278.5,
      "feels_like": 275.37,
      "pressure": 1015,
      "humidity": 89,
      "dew_point": 276.84,
      "clouds": 100,
      "visibility": 10000,
      "wind_speed": 4.12,
      "wind_deg": 90,
      "weather": [
        {
          "id": 500,
          "main": "Rain",
          "description": "light rain",
          "icon": "10d"
        }
      ],
      "rain": {
        "1h": 0.2
      }
    }
  ]
}