{
  "lat": 42.1571,
  "lon": -71.1586,
  "timezone": "America/New_York",
  "timezone_offset": -14400,
  "data": [
    {
      "dt": 1522530900,
      "sunrise": 1522492127,
      "sunset": 1522537707,
      "temp": 286.41,
      "feels_like": 284.34,
      "pressure": 1020,
      "humidity": 21,
      "dew_point": 265.51,
      "clouds": 0,
      "visibility": 10000,
      "wind_speed": 5.14,
      "wind_deg": 200,
      "weather": [
        {
          "id": 800,
          "main": "Clear",
          "description": "clear sky",
          "icon": "01d"
        }
      ]
    }
  ]
}