{
  "lat": 42.1571,
  "lon": -71.1586,
  "timezone": "America/New_York",
  "timezone_offset": -18000,
  "data": [
    {
      "dt": 1515081600,
      "sunrise": 1515067994,
      "sunset": 1515101138,
      "temp": 270.21,
      "feels_like": 263.36,
      "pressure": 991,
      "humidity": 91,
      "dew_point": 269.09,
      "clouds": 100,
      "visibility": 402,
      "wind_speed": 7.2,
      "wind_deg": 360,
      "wind_gust": 13.89,
      "weather": [
        {
          "id": 211,
          "main": "Thunderstorm",
          "description": "thunderstorm",
          "icon": "11d"
        },
        {
          "id": 602,
          "main": "Snow",
          "description": "heavy snow",
          "icon": "13d"
        },
        {
          "id": 741,
          "main": "Fog",
          "description": "fog",
          "icon": "50d"
        }
      ],
      "snow": {
        "1h": 2.65
      }
    }
  ]
}