{
  "lat": 42.1571,
  "lon": -71.1586,
  "timezone": "America/New_York",
  "timezone_offset": -14400,
  "data": [
    {
      "dt": 1539449100,
      "sunrise": 1539428085,
      "sunset": 1539468398,
      "temp": 282.21,
      "feels_like": 280.79,
      "pressure": 1011,
      "humidity": 87,
      "dew_point": 280.16,
      "clouds": 100,
      "visibility": 10000,
      "wind_speed": 2.6,
      "wind_deg": 270,
      "weather": [
        {
          "id": 500,
          "main": "Rain",
          "description": "light rain",
          "icon": "10d"
        }
      ],
      "rain": {
        "1h": 0.8
      }
    }
  ]
}