{
  "lat": 42.1571,
  "lon": -71.1586,
  "timezone": "America/New_York",
  "timezone_offset": -14400,
  "data": [
    {
      "dt": 1538937000,
      "sunrise": 1538909282,
      "sunset": 1538950595,
      "temp": 297.44,
      "feels_like": 297.75,
      "pressure": 1021,
      "humidity": 70,
      "dew_point": 291.62,
      "clouds": 100,
      "visibility": 10000,
      "wind_speed": 2.6,
      "wind_deg": 270,
      "weather": [
        {
          "id": 804,
          "main": "Clouds",
          "description": "overcast clouds",
          "icon": "04d"
        }
      ]
    }
  ]
}