{
  "lat": 42.1571,
  "lon": -71.1586,
  "timezone": "America/New_York",
  "timezone_offset": -14400,
  "data": [
    {
      "dt": 1529519400,
      "sunrise": 1529485705,
      "sunset": 1529540638,
      "temp": 299.95,
      "feels_like": 299.73,
      "pressure": 1009,
      "humidity": 37,
      "dew_point": 284.06,
      "clouds": 0,
      "visibility": 10000,
      "wind_speed": 5.14,
      "wind_deg": 260,
      "weather": [
        {
          "id": 800,
          "main": "Clear",
          "description": "clear sky",
          "icon": "01d"
        }
      ]
    }
  ]
}