{
  "lat": 42.1571,
  "lon": -71.1586,
  "timezone": "America/New_York",
  "timezone_offset": -18000,
  "data": [
    {
      "dt": 1542126600,
      "sunrise": 1542108753,
      "sunset": 1542144329,
      "temp": 286,
      "feels_like": 285.8,
      "pressure": 1009,
      "humidity": 94,
      "dew_point": 285.06,
      "clouds": 100,
      "visibility": 804,
      "wind_speed": 3.1,
      "wind_deg": 0,
      "weather": [
        {
          "id": 501,
          "main": "Rain",
          "description": "moderate rain",
          "icon": "10d"
        },
        {
          "id": 701,
          "main": "Mist",
          "description": "mist",
          "icon": "50d"
        }
      ],
      "rain": {
        "1h": 3.5
      }
    }
  ]
}