{
  "lat": 42.1571,
  "lon": -71.1586,
  "timezone": "America/New_York",
  "timezone_offset": -14400,
  "data": [
    {
      "dt": 1530549900,
      "sunrise": 1530522763,
      "sunset": 1530577461,
      "temp": 305.19,
      "feels_like": 309.72,
      "pressure": 1019,
      "humidity": 58,
      "dew_point": 295.89,
      "clouds": 0,
      "visibility": 10000,
      "wind_speed": 4.12,
      "wind_deg": 50,
      "weather": [
        {
          "id": 800,
          "main": "Clear",
          "description": "clear sky",
          "icon": "01d"
        }
      ]
    }
  ]
}