{
  "lat": 42.1571,
  "lon": -71.1586,
  "timezone": "America/New_York",
  "timezone_offset": -14400,
  "data": [
    {
      "dt": 1534101300,
      "sunrise": 1534067347,
      "sunset": 1534117822,
      "temp": 296.24,
      "feels_like": 297.01,
      "pressure": 1019,
      "humidity": 92,
      "dew_point": 294.87,
      "clouds": 100,
      "visibility": 10000,
      "wind_speed": 5.14,
      "wind_deg": 50,
      "wind_gust": 9.26,
      "weather": [
        {
          "id": 500,
          "main": "Rain",
          "description": "light rain",
          "icon": "10d"
        }
      ],
      "rain": {
        "1h": 0.25
      }
    }
  ]
}