{
  "lat": 42.1571,
  "lon": -71.1586,
  "timezone": "America/New_York",
  "timezone_offset": -14400,
  "data": [
    {
      "dt": 1534276800,
      "sunrise": 1534240275,
      "sunset": 1534290455,
      "temp": 303.9,
      "feels_like": 307.47,
      "pressure": 1010,
      "humidity": 60,
      "dew_point": 295.24,
      "clouds": 40,
      "visibility": 10000,
      "wind_speed": 4.63,
      "wind_deg": 190,
      "wind_gust": 7.72,
      "weather": [
        {
          "id": 802,
          "main": "Clouds",
          "description": "scattered clouds",
          "icon": "03d"
        }
      ]
    }
  ]
}