{
  "lat": 42.1571,
  "lon": -71.1586,
  "timezone": "America/New_York",
  "timezone_offset": -18000,
  "data": [
    {
      "dt": 1515955500,
      "sunrise": 1515931856,
      "sunset": 1515965763,
      "temp": 269.1,
      "feels_like": 264.22,
      "pressure": 1035,
      "humidity": 39,
      "dew_point": 258.45,
      "clouds": 40,
      "visibility": 10000,
      "wind_speed": 3.6,
      "wind_deg": 310,
      "weather": [
        {
          "id": 802,
          "main": "Clouds",
          "description": "scattered clouds",
          "icon": "03d"
        }
      ]
    }
  ]
}